{
    "metrics": {
        "http_req_failed": {
            "passes": 0,
            "fails": 900,
            "thresholds": {
                "rate<0.05": false
            },
            "value": 0
        },
        "http_reqs": {
            "count": 900,
            "rate": 14.67596065903282
        },
        "http_req_tls_handshaking": {
            "med": 0,
            "max": 0,
            "p(90)": 0,
            "p(95)": 0,
            "avg": 0,
            "min": 0
        },
        "iteration_duration": {
            "p(95)": 1365.48322905,
            "avg": 1361.0120233488883,
            "min": 1319.553708,
            "med": 1349.814979,
            "max": 1869.635542,
            "p(90)": 1362.3589792
        },
        "http_req_blocked": {
            "avg": 0.027972222222222294,
            "min": 0.001,
            "med": 0.008,
            "max": 1.811,
            "p(90)": 0.02,
            "p(95)": 0.022
        },
        "http_req_waiting": {
            "p(95)": 41.883799999999994,
            "avg": 29.466839999999998,
            "min": 4.094,
            "med": 22.466,
            "max": 344.252,
            "p(90)": 38.4726
        },
        "http_req_connecting": {
            "avg": 0.010642222222222221,
            "min": 0,
            "med": 0,
            "max": 1.309,
            "p(90)": 0,
            "p(95)": 0
        },
        "data_received": {
            "rate": 5334.401873722294,
            "count": 327131
        },
        "http_req_receiving": {
            "avg": 0.05236888888888885,
            "min": 0.013,
            "med": 0.034,
            "max": 0.465,
            "p(90)": 0.12610000000000002,
            "p(95)": 0.15
        },
        "http_req_duration": {
            "min": 4.13,
            "med": 22.593,
            "max": 344.362,
            "p(90)": 38.6345,
            "p(95)": 41.9641,
            "avg": 29.56307333333333,
            "thresholds": {
                "p(95)<5000": false
            }
        },
        "http_req_sending": {
            "avg": 0.04386444444444446,
            "min": 0.006,
            "med": 0.028,
            "max": 2.01,
            "p(90)": 0.074,
            "p(95)": 0.085
        },
        "vus": {
            "value": 9,
            "min": 9,
            "max": 10
        },
        "data_sent": {
            "count": 143035,
            "rate": 2332.417814294177
        },
        "checks": {
            "passes": 900,
            "fails": 0,
            "value": 1
        },
        "vus_max": {
            "value": 10,
            "min": 10,
            "max": 10
        },
        "http_req_duration{expected_response:true}": {
            "max": 344.362,
            "p(90)": 38.6345,
            "p(95)": 41.9641,
            "avg": 29.56307333333333,
            "min": 4.13,
            "med": 22.593
        },
        "iterations": {
            "count": 450,
            "rate": 7.33798032951641
        }
    },
    "root_group": {
        "groups": {},
        "checks": {
                "cart add 201": {
                    "name": "cart add 201",
                    "path": "::cart add 201",
                    "id": "640818dc833ca0dd636af26f41ec2dd9",
                    "passes": 450,
                    "fails": 0
                },
                "order placed 201": {
                    "name": "order placed 201",
                    "path": "::order placed 201",
                    "id": "c8449f115a1ec28ab21a2d1f6d24c7e8",
                    "passes": 450,
                    "fails": 0
                }
            },
        "name": "",
        "path": "",
        "id": "d41d8cd98f00b204e9800998ecf8427e"
    }
}