{
    "root_group": {
        "id": "d41d8cd98f00b204e9800998ecf8427e",
        "groups": {},
        "checks": {
                "cart add 201": {
                    "name": "cart add 201",
                    "path": "::cart add 201",
                    "id": "640818dc833ca0dd636af26f41ec2dd9",
                    "passes": 4500,
                    "fails": 0
                },
                "order placed 201": {
                    "name": "order placed 201",
                    "path": "::order placed 201",
                    "id": "c8449f115a1ec28ab21a2d1f6d24c7e8",
                    "passes": 4500,
                    "fails": 0
                }
            },
        "name": "",
        "path": ""
    },
    "metrics": {
        "http_req_duration{expected_response:true}": {
            "min": 1.15,
            "med": 11.644,
            "max": 418.837,
            "p(90)": 72.80330000000001,
            "p(95)": 86.3764,
            "avg": 28.03213222222225
        },
        "data_sent": {
            "count": 1437730,
            "rate": 23528.146862845562
        },
        "iteration_duration": {
            "max": 1860.789167,
            "p(90)": 1387.9412077,
            "p(95)": 1402.7113896,
            "avg": 1356.8897975668885,
            "min": 1305.904209,
            "med": 1344.097854
        },
        "http_req_connecting": {
            "avg": 0.0235601111111111,
            "min": 0,
            "med": 0,
            "max": 2.335,
            "p(90)": 0,
            "p(95)": 0
        },
        "http_req_waiting": {
            "med": 11.585,
            "max": 418.802,
            "p(90)": 72.7745,
            "p(95)": 86.32329999999999,
            "avg": 27.988018444444442,
            "min": 1.125
        },
        "vus_max": {
            "value": 100,
            "min": 100,
            "max": 100
        },
        "http_req_sending": {
            "avg": 0.01668466666666665,
            "min": 0.003,
            "med": 0.011,
            "max": 1.361,
            "p(90)": 0.027,
            "p(95)": 0.038
        },
        "http_req_failed": {
            "passes": 0,
            "fails": 9000,
            "thresholds": {
                "rate<0.05": false
            },
            "value": 0
        },
        "http_req_blocked": {
            "min": 0.001,
            "med": 0.003,
            "max": 3.414,
            "p(90)": 0.009,
            "p(95)": 0.014,
            "avg": 0.03214444444444152
        },
        "http_reqs": {
            "count": 9000,
            "rate": 147.28309332462288
        },
        "checks": {
            "passes": 9000,
            "fails": 0,
            "value": 1
        },
        "http_req_tls_handshaking": {
            "max": 0,
            "p(90)": 0,
            "p(95)": 0,
            "avg": 0,
            "min": 0,
            "med": 0
        },
        "http_req_receiving": {
            "min": 0.006,
            "med": 0.023,
            "max": 0.365,
            "p(90)": 0.043,
            "p(95)": 0.053,
            "avg": 0.027429111111110765
        },
        "vus": {
            "max": 100,
            "value": 100,
            "min": 100
        },
        "data_received": {
            "count": 3299633,
            "rate": 53997.79500844505
        },
        "http_req_duration": {
            "p(95)": 86.3764,
            "avg": 28.03213222222225,
            "min": 1.15,
            "med": 11.644,
            "max": 418.837,
            "p(90)": 72.80330000000001,
            "thresholds": {
                "p(95)<5000": false
            }
        },
        "iterations": {
            "count": 4500,
            "rate": 73.64154666231144
        }
    }
}