{
    "root_group": {
        "groups": {},
        "checks": {
                "products 200": {
                    "name": "products 200",
                    "path": "::products 200",
                    "id": "3534a27ce5029fe37f8cb805b80d20f3",
                    "passes": 2084,
                    "fails": 0
                },
                "cart add 201": {
                    "passes": 1325,
                    "fails": 0,
                    "name": "cart add 201",
                    "path": "::cart add 201",
                    "id": "640818dc833ca0dd636af26f41ec2dd9"
                },
                "order placed 201": {
                    "name": "order placed 201",
                    "path": "::order placed 201",
                    "id": "c8449f115a1ec28ab21a2d1f6d24c7e8",
                    "passes": 306,
                    "fails": 0
                }
            },
        "name": "",
        "path": "",
        "id": "d41d8cd98f00b204e9800998ecf8427e"
    },
    "metrics": {
        "http_req_sending": {
            "min": 0.004,
            "med": 0.027,
            "max": 0.445,
            "p(90)": 0.054,
            "p(95)": 0.069,
            "avg": 0.03268290713324404
        },
        "http_req_receiving": {
            "p(90)": 0.09,
            "p(95)": 0.109,
            "avg": 0.05873943472409155,
            "min": 0.009,
            "med": 0.054,
            "max": 0.45
        },
        "vus": {
            "value": 1,
            "min": 1,
            "max": 50
        },
        "http_req_duration{expected_response:true}": {
            "p(95)": 17.771699999999996,
            "avg": 6.95950336473756,
            "min": 0.676,
            "med": 3.432,
            "max": 198.037,
            "p(90)": 12.304
        },
        "http_req_blocked": {
            "avg": 0.07739246298788574,
            "min": 0.002,
            "med": 0.008,
            "max": 1.686,
            "p(90)": 0.023600000000000083,
            "p(95)": 0.6882999999999998
        },
        "http_req_waiting": {
            "avg": 6.86808102288022,
            "min": 0.638,
            "med": 3.337,
            "max": 198.011,
            "p(90)": 12.224000000000004,
            "p(95)": 17.659699999999994
        },
        "http_req_duration": {
            "avg": 6.95950336473756,
            "min": 0.676,
            "med": 3.432,
            "max": 198.037,
            "p(90)": 12.304,
            "p(95)": 17.771699999999996,
            "thresholds": {
                "p(95)<3000": false
            }
        },
        "http_req_connecting": {
            "max": 1.1,
            "p(90)": 0,
            "p(95)": 0.5542999999999999,
            "avg": 0.054644145356662184,
            "min": 0,
            "med": 0
        },
        "iteration_duration": {
            "p(90)": 1020.3969,
            "p(95)": 1324.8094332,
            "avg": 886.2678711135229,
            "min": 501.968,
            "med": 1002.5255,
            "max": 1549.985334
        },
        "data_sent": {
            "count": 430218,
            "rate": 7034.516595147986
        },
        "http_reqs": {
            "count": 3715,
            "rate": 60.74415563964029
        },
        "http_req_failed": {
            "passes": 0,
            "fails": 3715,
            "thresholds": {
                "rate<0.05": false
            },
            "value": 0
        },
        "http_req_tls_handshaking": {
            "avg": 0,
            "min": 0,
            "med": 0,
            "max": 0,
            "p(90)": 0,
            "p(95)": 0
        },
        "iterations": {
            "count": 3409,
            "rate": 55.74073393688661
        },
        "data_received": {
            "count": 4230117,
            "rate": 69166.86014048137
        },
        "vus_max": {
            "value": 50,
            "min": 50,
            "max": 50
        },
        "checks": {
            "fails": 0,
            "passes": 3715,
            "value": 1
        }
    }
}