{
    "root_group": {
        "id": "d41d8cd98f00b204e9800998ecf8427e",
        "groups": {},
        "checks": {
                "status 200": {
                    "name": "status 200",
                    "path": "::status 200",
                    "id": "fad9fa412b86fcb03bee97c80dcd61f1",
                    "passes": 6000,
                    "fails": 0
                }
            },
        "name": "",
        "path": ""
    },
    "metrics": {
        "http_req_connecting": {
            "avg": 0.03200633333333333,
            "min": 0,
            "med": 0,
            "max": 2.459,
            "p(90)": 0,
            "p(95)": 0
        },
        "http_req_receiving": {
            "max": 1.182,
            "p(90)": 0.044,
            "p(95)": 0.055,
            "avg": 0.027711500000000066,
            "min": 0.007,
            "med": 0.023
        },
        "vus": {
            "value": 100,
            "min": 100,
            "max": 100
        },
        "http_req_duration": {
            "min": 0.539,
            "med": 6.841,
            "max": 61.424,
            "p(90)": 14.4452,
            "p(95)": 17.335449999999998,
            "avg": 8.144433166666673,
            "thresholds": {
                "p(95)<2000": false
            }
        },
        "http_req_tls_handshaking": {
            "min": 0,
            "med": 0,
            "max": 0,
            "p(90)": 0,
            "p(95)": 0,
            "avg": 0
        },
        "http_req_failed": {
            "passes": 0,
            "fails": 6000,
            "thresholds": {
                "rate<0.01": false
            },
            "value": 0
        },
        "data_received": {
            "count": 10668000,
            "rate": 176271.74453987615
        },
        "checks": {
            "fails": 0,
            "passes": 6000,
            "value": 1
        },
        "http_req_blocked": {
            "avg": 0.047924999999999295,
            "min": 0.001,
            "med": 0.004,
            "max": 4.377,
            "p(90)": 0.007,
            "p(95)": 0.011
        },
        "http_req_waiting": {
            "max": 61.409,
            "p(90)": 14.4121,
            "p(95)": 17.299049999999998,
            "avg": 8.103432999999969,
            "min": 0.518,
            "med": 6.7965
        },
        "vus_max": {
            "value": 100,
            "min": 100,
            "max": 100
        },
        "http_req_sending": {
            "avg": 0.013288666666666882,
            "min": 0.003,
            "med": 0.009,
            "max": 0.924,
            "p(90)": 0.017,
            "p(95)": 0.027
        },
        "data_sent": {
            "count": 468000,
            "rate": 7732.956172165545
        },
        "http_reqs": {
            "count": 6000,
            "rate": 99.14046374571211
        },
        "iterations": {
            "count": 6000,
            "rate": 99.14046374571211
        },
        "iteration_duration": {
            "p(95)": 1017.59905205,
            "avg": 1008.4282564403375,
            "min": 1000.590541,
            "med": 1007.1554165,
            "max": 1065.59375,
            "p(90)": 1014.6077331
        },
        "http_req_duration{expected_response:true}": {
            "avg": 8.144433166666673,
            "min": 0.539,
            "med": 6.841,
            "max": 61.424,
            "p(90)": 14.4452,
            "p(95)": 17.335449999999998
        }
    }
}