{
    "metrics": {
        "vus_max": {
            "value": 200,
            "min": 200,
            "max": 200
        },
        "iteration_duration": {
            "avg": 1008.4044913736649,
            "min": 1000.614167,
            "med": 1007.5023125,
            "max": 1077.110958,
            "p(90)": 1012.2748506,
            "p(95)": 1014.04033815
        },
        "http_req_blocked": {
            "min": 0,
            "med": 0.003,
            "max": 7.668,
            "p(90)": 0.006,
            "p(95)": 0.009,
            "avg": 0.0943323333333007
        },
        "data_sent": {
            "count": 936000,
            "rate": 15463.967600740974
        },
        "vus": {
            "min": 200,
            "max": 200,
            "value": 200
        },
        "http_req_failed": {
            "passes": 60,
            "fails": 11940,
            "thresholds": {
                "rate<0.01": false
            },
            "value": 0.005
        },
        "http_req_waiting": {
            "med": 7.2379999999999995,
            "max": 70.98,
            "p(90)": 12.081,
            "p(95)": 13.852449999999996,
            "avg": 8.121012083333357,
            "min": 0.537
        },
        "data_received": {
            "count": 21229320,
            "rate": 350736.663104447
        },
        "iterations": {
            "count": 12000,
            "rate": 198.25599488129455
        },
        "http_req_tls_handshaking": {
            "min": 0,
            "med": 0,
            "max": 0,
            "p(90)": 0,
            "p(95)": 0,
            "avg": 0
        },
        "http_req_sending": {
            "med": 0.007,
            "max": 0.369,
            "p(90)": 0.014,
            "p(95)": 0.02,
            "avg": 0.008821583333333547,
            "min": 0.001
        },
        "http_req_receiving": {
            "avg": 0.022043666666665827,
            "min": 0,
            "med": 0.018,
            "max": 0.294,
            "p(90)": 0.039,
            "p(95)": 0.048
        },
        "http_req_duration": {
            "max": 70.993,
            "p(90)": 12.1072,
            "p(95)": 13.884349999999996,
            "avg": 8.151877333333346,
            "min": 0.554,
            "med": 7.2715,
            "thresholds": {
                "p(95)<2000": false
            }
        },
        "checks": {
            "passes": 11940,
            "fails": 60,
            "value": 0.995
        },
        "http_req_duration{expected_response:true}": {
            "avg": 8.170756951423794,
            "min": 0.554,
            "med": 7.284,
            "max": 70.993,
            "p(90)": 12.1193,
            "p(95)": 13.90405
        },
        "http_reqs": {
            "count": 12000,
            "rate": 198.25599488129455
        },
        "http_req_connecting": {
            "p(95)": 0,
            "avg": 0.08414208333333331,
            "min": 0,
            "med": 0,
            "max": 5.776,
            "p(90)": 0
        }
    },
    "root_group": {
        "checks": {
            "status 200": {
                "name": "status 200",
                "path": "::status 200",
                "id": "fad9fa412b86fcb03bee97c80dcd61f1",
                "passes": 11940,
                "fails": 60
            }
        },
        "name": "",
        "path": "",
        "id": "d41d8cd98f00b204e9800998ecf8427e",
        "groups": {}
    }
}