{
    "metrics": {
        "http_req_waiting": {
            "avg": 6.180118120716073,
            "min": 0.406,
            "med": 1.623,
            "max": 365.501,
            "p(90)": 6.1378,
            "p(95)": 8.468199999999996
        },
        "checks": {
            "passes": 15027,
            "fails": 0,
            "value": 1
        },
        "iteration_duration": {
            "min": 501.384416,
            "med": 1001.163542,
            "max": 1799.761292,
            "p(90)": 1307.0961372,
            "p(95)": 1310.97643125,
            "avg": 886.2073949945094
        },
        "http_req_failed": {
            "passes": 0,
            "fails": 15027,
            "thresholds": {
                "rate<0.05": false
            },
            "value": 0
        },
        "data_received": {
            "count": 16710692,
            "rate": 272736.23447385564
        },
        "http_req_connecting": {
            "min": 0,
            "med": 0,
            "max": 10.044,
            "p(90)": 0,
            "p(95)": 0.3166999999999993,
            "avg": 0.08596346576162936
        },
        "http_req_receiving": {
            "p(90)": 0.053,
            "p(95)": 0.06,
            "avg": 0.03272808943900918,
            "min": 0.008,
            "med": 0.027,
            "max": 0.374
        },
        "http_req_blocked": {
            "avg": 0.10535695747655031,
            "min": 0.001,
            "med": 0.005,
            "max": 10.104,
            "p(90)": 0.015,
            "p(95)": 0.395
        },
        "vus_max": {
            "value": 200,
            "min": 200,
            "max": 200
        },
        "http_reqs": {
            "count": 15027,
            "rate": 245.256593529378
        },
        "http_req_duration{expected_response:true}": {
            "p(95)": 8.541099999999998,
            "avg": 6.232906701270978,
            "min": 0.437,
            "med": 1.675,
            "max": 365.553,
            "p(90)": 6.1904
        },
        "vus": {
            "value": 7,
            "min": 7,
            "max": 200
        },
        "http_req_tls_handshaking": {
            "p(95)": 0,
            "avg": 0,
            "min": 0,
            "med": 0,
            "max": 0,
            "p(90)": 0
        },
        "data_sent": {
            "count": 1768402,
            "rate": 28862.198077496447
        },
        "iterations": {
            "count": 13652,
            "rate": 222.81513375012102
        },
        "http_req_duration": {
            "med": 1.675,
            "max": 365.553,
            "p(90)": 6.1904,
            "p(95)": 8.541099999999998,
            "avg": 6.232906701270978,
            "min": 0.437,
            "thresholds": {
                "p(95)<3000": false
            }
        },
        "http_req_sending": {
            "min": 0.002,
            "med": 0.016,
            "max": 1.148,
            "p(90)": 0.031,
            "p(95)": 0.043,
            "avg": 0.02006049111599066
        }
    },
    "root_group": {
        "checks": {
            "products 200": {
                "name": "products 200",
                "path": "::products 200",
                "id": "3534a27ce5029fe37f8cb805b80d20f3",
                "passes": 8141,
                "fails": 0
            },
            "cart add 201": {
                "id": "640818dc833ca0dd636af26f41ec2dd9",
                "passes": 5511,
                "fails": 0,
                "name": "cart add 201",
                "path": "::cart add 201"
            },
            "order placed 201": {
                "id": "c8449f115a1ec28ab21a2d1f6d24c7e8",
                "passes": 1375,
                "fails": 0,
                "name": "order placed 201",
                "path": "::order placed 201"
            }
        },
        "name": "",
        "path": "",
        "id": "d41d8cd98f00b204e9800998ecf8427e",
        "groups": {}
    }
}