{
    "root_group": {
        "id": "d41d8cd98f00b204e9800998ecf8427e",
        "groups": {},
        "checks": {
                "products 200": {
                    "name": "products 200",
                    "path": "::products 200",
                    "id": "3534a27ce5029fe37f8cb805b80d20f3",
                    "passes": 4097,
                    "fails": 0
                },
                "cart add 201": {
                    "name": "cart add 201",
                    "path": "::cart add 201",
                    "id": "640818dc833ca0dd636af26f41ec2dd9",
                    "passes": 2743,
                    "fails": 0
                },
                "order placed 201": {
                    "name": "order placed 201",
                    "path": "::order placed 201",
                    "id": "c8449f115a1ec28ab21a2d1f6d24c7e8",
                    "passes": 662,
                    "fails": 0
                }
            },
        "name": "",
        "path": ""
    },
    "metrics": {
        "data_received": {
            "count": 8386255,
            "rate": 136884.36086275527
        },
        "http_req_waiting": {
            "p(95)": 17.082599999999996,
            "avg": 6.088579845374548,
            "min": 0.471,
            "med": 2.403,
            "max": 183.67,
            "p(90)": 10.501000000000003
        },
        "vus_max": {
            "value": 100,
            "min": 100,
            "max": 100
        },
        "http_req_connecting": {
            "avg": 0.054231271660890513,
            "min": 0,
            "med": 0,
            "max": 1.789,
            "p(90)": 0,
            "p(95)": 0.4459499999999997
        },
        "checks": {
            "passes": 7502,
            "fails": 0,
            "value": 1
        },
        "data_sent": {
            "count": 878411,
            "rate": 14337.83355142596
        },
        "iterations": {
            "count": 6840,
            "rate": 111.6456664269386
        },
        "http_req_duration{expected_response:true}": {
            "avg": 6.162439216208978,
            "min": 0.507,
            "med": 2.473,
            "max": 183.693,
            "p(90)": 10.593300000000008,
            "p(95)": 17.247799999999998
        },
        "http_req_failed": {
            "passes": 0,
            "fails": 7502,
            "thresholds": {
                "rate<0.05": false
            },
            "value": 0
        },
        "http_req_tls_handshaking": {
            "p(90)": 0,
            "p(95)": 0,
            "avg": 0,
            "min": 0,
            "med": 0,
            "max": 0
        },
        "http_reqs": {
            "count": 7502,
            "rate": 122.45113882089085
        },
        "http_req_blocked": {
            "p(95)": 0.5639499999999996,
            "avg": 0.07358424420154266,
            "min": 0.001,
            "med": 0.007,
            "max": 3.075,
            "p(90)": 0.02890000000000017
        },
        "http_req_receiving": {
            "avg": 0.04781418288456368,
            "min": 0.007,
            "med": 0.042,
            "max": 2.381,
            "p(90)": 0.078,
            "p(95)": 0.096
        },
        "vus": {
            "value": 2,
            "min": 2,
            "max": 100
        },
        "iteration_duration": {
            "p(95)": 1319.5013417,
            "avg": 884.2866481989761,
            "min": 501.524458,
            "med": 1001.5316250000001,
            "max": 1539.545041,
            "p(90)": 1115.5244289
        },
        "http_req_duration": {
            "p(95)": 17.247799999999998,
            "avg": 6.162439216208978,
            "min": 0.507,
            "med": 2.473,
            "max": 183.693,
            "p(90)": 10.593300000000008,
            "thresholds": {
                "p(95)<3000": false
            }
        },
        "http_req_sending": {
            "min": 0.003,
            "med": 0.023,
            "max": 0.361,
            "p(90)": 0.045,
            "p(95)": 0.05894999999999966,
            "avg": 0.02604518794987973
        }
    }
}