{
    "metrics": {
        "http_req_connecting": {
            "avg": 0.008939555555555555,
            "min": 0,
            "med": 0,
            "max": 0.773,
            "p(90)": 0,
            "p(95)": 0
        },
        "http_req_sending": {
            "max": 1.173,
            "p(90)": 0.057100000000000053,
            "p(95)": 0.074,
            "avg": 0.028472444444444623,
            "min": 0.004,
            "med": 0.018
        },
        "data_received": {
            "count": 821494,
            "rate": 13446.490262812138
        },
        "http_req_failed": {
            "passes": 0,
            "fails": 2250,
            "thresholds": {
                "rate<0.05": false
            },
            "value": 0
        },
        "http_req_waiting": {
            "avg": 28.13063822222219,
            "min": 4.379,
            "med": 27.786,
            "max": 59.568,
            "p(90)": 42.251400000000004,
            "p(95)": 44.52109999999999
        },
        "http_req_duration": {
            "avg": 28.189237333333374,
            "min": 4.41,
            "med": 27.8575,
            "max": 59.628,
            "p(90)": 42.2807,
            "p(95)": 44.562599999999996,
            "thresholds": {
                "p(95)<5000": false
            }
        },
        "data_sent": {
            "rate": 5872.975521169063,
            "count": 358801
        },
        "http_req_receiving": {
            "p(90)": 0.047,
            "p(95)": 0.0645499999999999,
            "avg": 0.030126666666666923,
            "min": 0.009,
            "med": 0.025,
            "max": 0.384
        },
        "vus": {
            "value": 25,
            "min": 25,
            "max": 25
        },
        "http_req_tls_handshaking": {
            "max": 0,
            "p(90)": 0,
            "p(95)": 0,
            "avg": 0,
            "min": 0,
            "med": 0
        },
        "vus_max": {
            "value": 25,
            "min": 25,
            "max": 25
        },
        "http_reqs": {
            "count": 2250,
            "rate": 36.8287572293009
        },
        "checks": {
            "passes": 2250,
            "fails": 0,
            "value": 1
        },
        "http_req_blocked": {
            "avg": 0.019329777777778123,
            "min": 0.001,
            "med": 0.006,
            "max": 0.957,
            "p(90)": 0.015,
            "p(95)": 0.02
        },
        "iteration_duration": {
            "med": 1357.472167,
            "max": 1389.860333,
            "p(90)": 1368.760925,
            "p(95)": 1372.1807168,
            "avg": 1357.4596443324426,
            "min": 1325.722625
        },
        "http_req_duration{expected_response:true}": {
            "med": 27.8575,
            "max": 59.628,
            "p(90)": 42.2807,
            "p(95)": 44.562599999999996,
            "avg": 28.189237333333374,
            "min": 4.41
        },
        "iterations": {
            "count": 1125,
            "rate": 18.41437861465045
        }
    },
    "root_group": {
        "id": "d41d8cd98f00b204e9800998ecf8427e",
        "groups": {},
        "checks": {
                "cart add 201": {
                    "name": "cart add 201",
                    "path": "::cart add 201",
                    "id": "640818dc833ca0dd636af26f41ec2dd9",
                    "passes": 1125,
                    "fails": 0
                },
                "order placed 201": {
                    "passes": 1125,
                    "fails": 0,
                    "name": "order placed 201",
                    "path": "::order placed 201",
                    "id": "c8449f115a1ec28ab21a2d1f6d24c7e8"
                }
            },
        "name": "",
        "path": ""
    }
}