{
    "root_group": {
        "checks": {
            "products 200": {
                "id": "3534a27ce5029fe37f8cb805b80d20f3",
                "passes": 8102,
                "fails": 0,
                "name": "products 200",
                "path": "::products 200"
            },
            "cart add 201": {
                "name": "cart add 201",
                "path": "::cart add 201",
                "id": "640818dc833ca0dd636af26f41ec2dd9",
                "passes": 5585,
                "fails": 0
            },
            "order placed 201": {
                "name": "order placed 201",
                "path": "::order placed 201",
                "id": "c8449f115a1ec28ab21a2d1f6d24c7e8",
                "passes": 1392,
                "fails": 0
            }
        },
        "name": "",
        "path": "",
        "id": "d41d8cd98f00b204e9800998ecf8427e",
        "groups": {}
    },
    "metrics": {
        "http_req_receiving": {
            "med": 0.026,
            "max": 0.354,
            "p(90)": 0.051,
            "p(95)": 0.056,
            "avg": 0.03177312819152409,
            "min": 0.006
        },
        "http_req_duration": {
            "avg": 5.225149810995416,
            "min": 0.434,
            "med": 1.568,
            "max": 301.989,
            "p(90)": 6.194400000000001,
            "p(95)": 8.6391,
            "thresholds": {
                "p(95)<3000": false
            }
        },
        "iteration_duration": {
            "med": 1001.119834,
            "max": 1749.905084,
            "p(90)": 1307.5314078000001,
            "p(95)": 1310.6944456,
            "avg": 883.6059735760247,
            "min": 501.401709
        },
        "http_req_connecting": {
            "avg": 0.03338132502155314,
            "min": 0,
            "med": 0,
            "max": 10.773,
            "p(90)": 0,
            "p(95)": 0.266
        },
        "http_reqs": {
            "count": 15079,
            "rate": 246.20818736679811
        },
        "data_sent": {
            "count": 1780481,
            "rate": 29071.49012872366
        },
        "vus_max": {
            "value": 200,
            "min": 200,
            "max": 200
        },
        "http_req_duration{expected_response:true}": {
            "med": 1.568,
            "max": 301.989,
            "p(90)": 6.194400000000001,
            "p(95)": 8.6391,
            "avg": 5.225149810995416,
            "min": 0.434
        },
        "checks": {
            "passes": 15079,
            "fails": 0,
            "value": 1
        },
        "data_received": {
            "count": 16670766,
            "rate": 272198.3605594567
        },
        "http_req_failed": {
            "passes": 0,
            "fails": 15079,
            "thresholds": {
                "rate<0.05": false
            },
            "value": 0
        },
        "http_req_sending": {
            "avg": 0.024448239273160324,
            "min": 0.003,
            "med": 0.017,
            "max": 1.374,
            "p(90)": 0.03,
            "p(95)": 0.043
        },
        "http_req_waiting": {
            "p(90)": 6.128,
            "p(95)": 8.5821,
            "avg": 5.168928443530764,
            "min": 0.409,
            "med": 1.52,
            "max": 301.468
        },
        "vus": {
            "value": 3,
            "min": 3,
            "max": 200
        },
        "iterations": {
            "rate": 223.47977057426658,
            "count": 13687
        },
        "http_req_tls_handshaking": {
            "p(95)": 0,
            "avg": 0,
            "min": 0,
            "med": 0,
            "max": 0,
            "p(90)": 0
        },
        "http_req_blocked": {
            "p(95)": 0.335,
            "avg": 0.04641740168445796,
            "min": 0.001,
            "med": 0.006,
            "max": 10.893,
            "p(90)": 0.014
        }
    }
}