{
    "root_group": {
        "name": "",
        "path": "",
        "id": "d41d8cd98f00b204e9800998ecf8427e",
        "groups": {},
        "checks": {
                "products 200": {
                    "name": "products 200",
                    "path": "::products 200",
                    "id": "3534a27ce5029fe37f8cb805b80d20f3",
                    "passes": 2058,
                    "fails": 0
                },
                "cart add 201": {
                    "fails": 0,
                    "name": "cart add 201",
                    "path": "::cart add 201",
                    "id": "640818dc833ca0dd636af26f41ec2dd9",
                    "passes": 1339
                },
                "order placed 201": {
                    "passes": 340,
                    "fails": 0,
                    "name": "order placed 201",
                    "path": "::order placed 201",
                    "id": "c8449f115a1ec28ab21a2d1f6d24c7e8"
                }
            }
    },
    "metrics": {
        "http_req_duration{expected_response:true}": {
            "p(90)": 12.773200000000005,
            "p(95)": 17.8982,
            "avg": 5.560787530104338,
            "min": 0.681,
            "med": 3.363,
            "max": 78.16
        },
        "http_req_connecting": {
            "avg": 0.056788600481669796,
            "min": 0,
            "med": 0,
            "max": 1.128,
            "p(90)": 0.14280000000000015,
            "p(95)": 0.5361999999999999
        },
        "data_received": {
            "count": 4202891,
            "rate": 68622.11513505796
        },
        "iterations": {
            "rate": 55.464042515923424,
            "count": 3397
        },
        "http_reqs": {
            "rate": 61.01534497556839,
            "count": 3737
        },
        "http_req_receiving": {
            "avg": 0.05951030238158955,
            "min": 0.01,
            "med": 0.053,
            "max": 0.312,
            "p(90)": 0.101,
            "p(95)": 0.121
        },
        "http_req_waiting": {
            "min": 0.653,
            "med": 3.262,
            "max": 78.13,
            "p(90)": 12.676200000000005,
            "p(95)": 17.726399999999995,
            "avg": 5.467051645705111
        },
        "vus_max": {
            "value": 50,
            "min": 50,
            "max": 50
        },
        "iteration_duration": {
            "avg": 890.230153676478,
            "min": 502.143416,
            "med": 1002.403666,
            "max": 1379.256584,
            "p(90)": 1171.3341582000176,
            "p(95)": 1326.1349252
        },
        "http_req_tls_handshaking": {
            "avg": 0,
            "min": 0,
            "med": 0,
            "max": 0,
            "p(90)": 0,
            "p(95)": 0
        },
        "vus": {
            "value": 3,
            "min": 3,
            "max": 50
        },
        "data_sent": {
            "count": 435720,
            "rate": 7114.157375636783
        },
        "http_req_duration": {
            "avg": 5.560787530104338,
            "min": 0.681,
            "med": 3.363,
            "max": 78.16,
            "p(90)": 12.773200000000005,
            "p(95)": 17.8982,
            "thresholds": {
                "p(95)<3000": false
            }
        },
        "http_req_sending": {
            "p(95)": 0.08219999999999984,
            "avg": 0.03422558201766169,
            "min": 0.005,
            "med": 0.027,
            "max": 0.382,
            "p(90)": 0.061
        },
        "http_req_blocked": {
            "avg": 0.08115333154936986,
            "min": 0.002,
            "med": 0.008,
            "max": 1.647,
            "p(90)": 0.18680000000000058,
            "p(95)": 0.6781999999999999
        },
        "checks": {
            "passes": 3737,
            "fails": 0,
            "value": 1
        },
        "http_req_failed": {
            "passes": 0,
            "fails": 3737,
            "thresholds": {
                "rate<0.05": false
            },
            "value": 0
        }
    }
}