{
    "root_group": {
        "name": "",
        "path": "",
        "id": "d41d8cd98f00b204e9800998ecf8427e",
        "groups": {},
        "checks": {
                "status 200": {
                    "name": "status 200",
                    "path": "::status 200",
                    "id": "fad9fa412b86fcb03bee97c80dcd61f1",
                    "passes": 600,
                    "fails": 0
                }
            }
    },
    "metrics": {
        "http_reqs": {
            "count": 600,
            "rate": 9.912511185029809
        },
        "data_sent": {
            "count": 46800,
            "rate": 773.175872432325
        },
        "data_received": {
            "rate": 17624.444886982998,
            "count": 1066800
        },
        "http_req_connecting": {
            "avg": 0.00944,
            "min": 0,
            "med": 0,
            "max": 0.772,
            "p(90)": 0,
            "p(95)": 0
        },
        "http_req_blocked": {
            "med": 0.006,
            "max": 1.947,
            "p(90)": 0.015,
            "p(95)": 0.017,
            "avg": 0.03288666666666671,
            "min": 0.001
        },
        "http_req_failed": {
            "passes": 0,
            "fails": 600,
            "thresholds": {
                "rate<0.01": false
            },
            "value": 0
        },
        "iterations": {
            "count": 600,
            "rate": 9.912511185029809
        },
        "http_req_duration{expected_response:true}": {
            "avg": 8.141931666666665,
            "min": 0.729,
            "med": 6.479,
            "max": 92.245,
            "p(90)": 9.3518,
            "p(95)": 11.373899999999999
        },
        "http_req_duration": {
            "med": 6.479,
            "max": 92.245,
            "p(90)": 9.3518,
            "p(95)": 11.373899999999999,
            "avg": 8.141931666666665,
            "min": 0.729,
            "thresholds": {
                "p(95)<2000": false
            }
        },
        "checks": {
            "passes": 600,
            "fails": 0,
            "value": 1
        },
        "vus": {
            "value": 10,
            "min": 10,
            "max": 10
        },
        "vus_max": {
            "value": 10,
            "min": 10,
            "max": 10
        },
        "http_req_sending": {
            "p(90)": 0.049,
            "p(95)": 0.05804999999999998,
            "avg": 0.027821666666666602,
            "min": 0.002,
            "med": 0.017,
            "max": 0.414
        },
        "http_req_receiving": {
            "med": 0.04,
            "max": 0.33,
            "p(90)": 0.07810000000000002,
            "p(95)": 0.10504999999999996,
            "avg": 0.044958333333333336,
            "min": 0.008
        },
        "iteration_duration": {
            "avg": 1008.6821553549997,
            "min": 1000.824833,
            "med": 1006.98875,
            "max": 1095.546417,
            "p(90)": 1009.9072084,
            "p(95)": 1011.83686425
        },
        "http_req_tls_handshaking": {
            "max": 0,
            "p(90)": 0,
            "p(95)": 0,
            "avg": 0,
            "min": 0,
            "med": 0
        },
        "http_req_waiting": {
            "p(95)": 11.302399999999999,
            "avg": 8.069151666666672,
            "min": 0.709,
            "med": 6.4510000000000005,
            "max": 91.862,
            "p(90)": 9.269900000000002
        }
    }
}