{
    "root_group": {
        "groups": {},
        "checks": {
                "products 200": {
                    "fails": 0,
                    "name": "products 200",
                    "path": "::products 200",
                    "id": "3534a27ce5029fe37f8cb805b80d20f3",
                    "passes": 394
                },
                "cart add 201": {
                    "passes": 274,
                    "fails": 0,
                    "name": "cart add 201",
                    "path": "::cart add 201",
                    "id": "640818dc833ca0dd636af26f41ec2dd9"
                },
                "order placed 201": {
                    "path": "::order placed 201",
                    "id": "c8449f115a1ec28ab21a2d1f6d24c7e8",
                    "passes": 83,
                    "fails": 0,
                    "name": "order placed 201"
                }
            },
        "name": "",
        "path": "",
        "id": "d41d8cd98f00b204e9800998ecf8427e"
    },
    "metrics": {
        "http_req_receiving": {
            "max": 0.214,
            "p(90)": 0.143,
            "p(95)": 0.16,
            "avg": 0.10265778961384796,
            "min": 0.023,
            "med": 0.102
        },
        "iterations": {
            "count": 668,
            "rate": 10.91643433563741
        },
        "http_req_connecting": {
            "avg": 0.053599201065246356,
            "min": 0,
            "med": 0,
            "max": 0.747,
            "p(90)": 0,
            "p(95)": 0.609
        },
        "http_req_duration": {
            "avg": 8.31943275632491,
            "min": 0.951,
            "med": 5.113,
            "max": 155.212,
            "p(90)": 17.233,
            "p(95)": 19.2505,
            "thresholds": {
                "p(95)<3000": false
            }
        },
        "http_reqs": {
            "count": 751,
            "rate": 12.272817643807926
        },
        "http_req_tls_handshaking": {
            "avg": 0,
            "min": 0,
            "med": 0,
            "max": 0,
            "p(90)": 0,
            "p(95)": 0
        },
        "vus": {
            "value": 1,
            "min": 1,
            "max": 10
        },
        "http_req_failed": {
            "passes": 0,
            "fails": 751,
            "thresholds": {
                "rate<0.05": false
            },
            "value": 0
        },
        "http_req_waiting": {
            "p(90)": 17.041,
            "p(95)": 19.041999999999998,
            "avg": 8.16151264980027,
            "min": 0.886,
            "med": 4.99,
            "max": 155.175
        },
        "checks": {
            "passes": 751,
            "fails": 0,
            "value": 1
        },
        "data_received": {
            "count": 817509,
            "rate": 13359.705564809286
        },
        "iteration_duration": {
            "avg": 905.786049411677,
            "min": 504.612333,
            "med": 1005.2059165000001,
            "max": 1347.758542,
            "p(90)": 1327.6892837999999,
            "p(95)": 1331.7541807
        },
        "vus_max": {
            "value": 10,
            "min": 10,
            "max": 10
        },
        "http_req_sending": {
            "med": 0.051,
            "max": 0.183,
            "p(90)": 0.081,
            "p(95)": 0.10549999999999997,
            "avg": 0.05526231691078553,
            "min": 0.011
        },
        "http_req_duration{expected_response:true}": {
            "avg": 8.31943275632491,
            "min": 0.951,
            "med": 5.113,
            "max": 155.212,
            "p(90)": 17.233,
            "p(95)": 19.2505
        },
        "data_sent": {
            "count": 88844,
            "rate": 1451.8857666397755
        },
        "http_req_blocked": {
            "min": 0.004,
            "med": 0.014,
            "max": 0.981,
            "p(90)": 0.134,
            "p(95)": 0.8045,
            "avg": 0.08692809587217076
        }
    }
}