{
    "metrics": {
        "http_req_blocked": {
            "avg": 0.07347030752916255,
            "min": 0.002,
            "med": 0.011,
            "max": 3.43,
            "p(90)": 0.025,
            "p(95)": 0.67175
        },
        "http_req_duration": {
            "avg": 7.996255037115584,
            "min": 0.648,
            "med": 4.6715,
            "max": 170.906,
            "p(90)": 13.5185,
            "p(95)": 18.937749999999994,
            "thresholds": {
                "p(95)<3000": false
            }
        },
        "http_req_receiving": {
            "avg": 0.08837486744432631,
            "min": 0.012,
            "med": 0.08549999999999999,
            "max": 0.506,
            "p(90)": 0.133,
            "p(95)": 0.1487499999999999
        },
        "data_sent": {
            "count": 223389,
            "rate": 3662.213994093971
        },
        "data_received": {
            "count": 2059983,
            "rate": 33771.12825696736
        },
        "iteration_duration": {
            "max": 1528.831458,
            "p(90)": 1319.9825706,
            "p(95)": 1329.5706664499999,
            "avg": 885.7209930398129,
            "min": 502.922083,
            "med": 1003.832125
        },
        "iterations": {
            "count": 1708,
            "rate": 28.000758774659907
        },
        "http_req_failed": {
            "passes": 0,
            "fails": 1886,
            "thresholds": {
                "rate<0.05": false
            },
            "value": 0
        },
        "http_req_sending": {
            "max": 0.539,
            "p(90)": 0.069,
            "p(95)": 0.08574999999999991,
            "avg": 0.044041887592789264,
            "min": 0.004,
            "med": 0.039
        },
        "http_req_connecting": {
            "min": 0,
            "med": 0,
            "max": 3.024,
            "p(90)": 0,
            "p(95)": 0.51,
            "avg": 0.04833085896076352
        },
        "vus_max": {
            "value": 25,
            "min": 25,
            "max": 25
        },
        "checks": {
            "passes": 1886,
            "fails": 0,
            "value": 1
        },
        "vus": {
            "value": 1,
            "min": 1,
            "max": 25
        },
        "http_req_duration{expected_response:true}": {
            "avg": 7.996255037115584,
            "min": 0.648,
            "med": 4.6715,
            "max": 170.906,
            "p(90)": 13.5185,
            "p(95)": 18.937749999999994
        },
        "http_req_tls_handshaking": {
            "med": 0,
            "max": 0,
            "p(90)": 0,
            "p(95)": 0,
            "avg": 0,
            "min": 0
        },
        "http_req_waiting": {
            "min": 0.578,
            "med": 4.521,
            "max": 170.88,
            "p(90)": 13.387,
            "p(95)": 18.71025,
            "avg": 7.86383828207847
        },
        "http_reqs": {
            "count": 1886,
            "rate": 30.91887063759285
        }
    },
    "root_group": {
        "path": "",
        "id": "d41d8cd98f00b204e9800998ecf8427e",
        "groups": {},
        "checks": {
                "products 200": {
                    "name": "products 200",
                    "path": "::products 200",
                    "id": "3534a27ce5029fe37f8cb805b80d20f3",
                    "passes": 997,
                    "fails": 0
                },
                "cart add 201": {
                    "name": "cart add 201",
                    "path": "::cart add 201",
                    "id": "640818dc833ca0dd636af26f41ec2dd9",
                    "passes": 711,
                    "fails": 0
                },
                "order placed 201": {
                    "name": "order placed 201",
                    "path": "::order placed 201",
                    "id": "c8449f115a1ec28ab21a2d1f6d24c7e8",
                    "passes": 178,
                    "fails": 0
                }
            },
        "name": ""
    }
}