{
    "metrics": {
        "http_req_duration{expected_response:true}": {
            "avg": 8.068163101604279,
            "min": 1.266,
            "med": 5.234,
            "max": 98.403,
            "p(90)": 16.620100000000004,
            "p(95)": 20.522649999999995
        },
        "http_req_sending": {
            "avg": 0.05285160427807481,
            "min": 0.008,
            "med": 0.049,
            "max": 0.225,
            "p(90)": 0.08030000000000002,
            "p(95)": 0.10264999999999996
        },
        "http_req_connecting": {
            "p(95)": 0.5966499999999999,
            "avg": 0.05440775401069519,
            "min": 0,
            "med": 0,
            "max": 0.861,
            "p(90)": 0
        },
        "checks": {
            "passes": 748,
            "fails": 0,
            "value": 1
        },
        "http_req_waiting": {
            "p(95)": 20.257699999999996,
            "avg": 7.910597593582887,
            "min": 1.183,
            "med": 5.0895,
            "max": 98.372,
            "p(90)": 16.392600000000005
        },
        "iterations": {
            "rate": 11.09484997087602,
            "count": 676
        },
        "data_sent": {
            "count": 87447,
            "rate": 1435.2238837325374
        },
        "iteration_duration": {
            "min": 504.351,
            "med": 1005.3616255,
            "max": 1407.468875,
            "p(90)": 1327.140896,
            "p(95)": 1333.59382325,
            "avg": 896.5112661420111
        },
        "vus_max": {
            "value": 10,
            "min": 10,
            "max": 10
        },
        "http_reqs": {
            "count": 748,
            "rate": 12.276549967774056
        },
        "http_req_receiving": {
            "avg": 0.10471390374331542,
            "min": 0.013,
            "med": 0.105,
            "max": 0.245,
            "p(90)": 0.144,
            "p(95)": 0.157
        },
        "data_received": {
            "count": 832868,
            "rate": 13669.446014117704
        },
        "vus": {
            "value": 10,
            "min": 10,
            "max": 10
        },
        "http_req_blocked": {
            "avg": 0.08316577540106991,
            "min": 0.002,
            "med": 0.014,
            "max": 1.028,
            "p(90)": 0.037400000000000135,
            "p(95)": 0.7611999999999998
        },
        "http_req_failed": {
            "passes": 0,
            "fails": 748,
            "thresholds": {
                "rate<0.05": false
            },
            "value": 0
        },
        "http_req_tls_handshaking": {
            "max": 0,
            "p(90)": 0,
            "p(95)": 0,
            "avg": 0,
            "min": 0,
            "med": 0
        },
        "http_req_duration": {
            "p(90)": 16.620100000000004,
            "p(95)": 20.522649999999995,
            "avg": 8.068163101604279,
            "min": 1.266,
            "med": 5.234,
            "max": 98.403,
            "thresholds": {
                "p(95)<3000": false
            }
        }
    },
    "root_group": {
        "path": "",
        "id": "d41d8cd98f00b204e9800998ecf8427e",
        "groups": {},
        "checks": {
                "products 200": {
                    "path": "::products 200",
                    "id": "3534a27ce5029fe37f8cb805b80d20f3",
                    "passes": 406,
                    "fails": 0,
                    "name": "products 200"
                },
                "cart add 201": {
                    "name": "cart add 201",
                    "path": "::cart add 201",
                    "id": "640818dc833ca0dd636af26f41ec2dd9",
                    "passes": 270,
                    "fails": 0
                },
                "order placed 201": {
                    "id": "c8449f115a1ec28ab21a2d1f6d24c7e8",
                    "passes": 72,
                    "fails": 0,
                    "name": "order placed 201",
                    "path": "::order placed 201"
                }
            },
        "name": ""
    }
}