{
    "root_group": {
        "name": "",
        "path": "",
        "id": "d41d8cd98f00b204e9800998ecf8427e",
        "groups": {},
        "checks": {
                "cart add 201": {
                    "path": "::cart add 201",
                    "id": "640818dc833ca0dd636af26f41ec2dd9",
                    "passes": 1125,
                    "fails": 0,
                    "name": "cart add 201"
                },
                "order placed 201": {
                    "name": "order placed 201",
                    "path": "::order placed 201",
                    "id": "c8449f115a1ec28ab21a2d1f6d24c7e8",
                    "passes": 1125,
                    "fails": 0
                }
            }
    },
    "metrics": {
        "http_req_tls_handshaking": {
            "p(90)": 0,
            "p(95)": 0,
            "avg": 0,
            "min": 0,
            "med": 0,
            "max": 0
        },
        "http_req_connecting": {
            "p(90)": 0,
            "p(95)": 0,
            "avg": 0.014078666666666668,
            "min": 0,
            "med": 0,
            "max": 1.854
        },
        "http_req_sending": {
            "med": 0.021,
            "max": 0.426,
            "p(90)": 0.062,
            "p(95)": 0.068,
            "avg": 0.03177200000000021,
            "min": 0.004
        },
        "data_sent": {
            "count": 358801,
            "rate": 5888.6368974362
        },
        "http_req_failed": {
            "passes": 0,
            "fails": 2250,
            "thresholds": {
                "rate<0.05": false
            },
            "value": 0
        },
        "checks": {
            "passes": 2250,
            "fails": 0,
            "value": 1
        },
        "http_reqs": {
            "count": 2250,
            "rate": 36.926967927155864
        },
        "http_req_receiving": {
            "med": 0.03,
            "max": 0.22,
            "p(90)": 0.071,
            "p(95)": 0.11954999999999989,
            "avg": 0.04065333333333371,
            "min": 0.008
        },
        "iterations": {
            "count": 1125,
            "rate": 18.463483963577932
        },
        "http_req_duration": {
            "avg": 24.559282222222226,
            "min": 2.039,
            "med": 19.7265,
            "max": 174.292,
            "p(90)": 39.359,
            "p(95)": 45.12665,
            "thresholds": {
                "p(95)<5000": false
            }
        },
        "http_req_waiting": {
            "avg": 24.486856888888887,
            "min": 1.983,
            "med": 19.6355,
            "max": 174.139,
            "p(90)": 39.2705,
            "p(95)": 45.094
        },
        "iteration_duration": {
            "min": 1315.773084,
            "med": 1344.931583,
            "max": 1592.451875,
            "p(90)": 1361.5355662,
            "p(95)": 1389.7072586,
            "avg": 1350.7206443946654
        },
        "vus": {
            "value": 25,
            "min": 25,
            "max": 25
        },
        "http_req_duration{expected_response:true}": {
            "avg": 24.559282222222226,
            "min": 2.039,
            "med": 19.7265,
            "max": 174.292,
            "p(90)": 39.359,
            "p(95)": 45.12665
        },
        "vus_max": {
            "value": 25,
            "min": 25,
            "max": 25
        },
        "data_received": {
            "rate": 13482.347817933769,
            "count": 821494
        },
        "http_req_blocked": {
            "avg": 0.026930666666667033,
            "min": 0.001,
            "med": 0.007,
            "max": 2.197,
            "p(90)": 0.018,
            "p(95)": 0.021
        }
    }
}