{
    "metrics": {
        "http_req_duration{expected_response:true}": {
            "min": 0.436,
            "med": 1.6825,
            "max": 283.945,
            "p(90)": 6.804000000000001,
            "p(95)": 10.212499999999986,
            "avg": 5.835187116564449
        },
        "http_req_blocked": {
            "p(90)": 0.018,
            "p(95)": 0.374,
            "avg": 0.09859042411310959,
            "min": 0.001,
            "med": 0.006,
            "max": 13.788
        },
        "data_sent": {
            "rate": 28707.974707961923,
            "count": 1760287
        },
        "http_req_duration": {
            "max": 283.945,
            "p(90)": 6.804000000000001,
            "p(95)": 10.212499999999986,
            "avg": 5.835187116564449,
            "min": 0.436,
            "med": 1.6825,
            "thresholds": {
                "p(95)<3000": false
            }
        },
        "http_req_connecting": {
            "p(90)": 0,
            "p(95)": 0.29424999999999935,
            "avg": 0.07944691917844734,
            "min": 0,
            "med": 0,
            "max": 13.68
        },
        "http_req_failed": {
            "passes": 0,
            "fails": 14996,
            "thresholds": {
                "rate<0.05": false
            },
            "value": 0
        },
        "http_req_receiving": {
            "p(90)": 0.052,
            "p(95)": 0.059,
            "avg": 0.03286569751933793,
            "min": 0.01,
            "med": 0.027,
            "max": 0.788
        },
        "vus": {
            "value": 11,
            "min": 11,
            "max": 200
        },
        "data_received": {
            "count": 16751096,
            "rate": 273188.4291019829
        },
        "vus_max": {
            "value": 200,
            "min": 200,
            "max": 200
        },
        "iteration_duration": {
            "med": 1001.145604,
            "max": 1633.808791,
            "p(90)": 1307.1549753,
            "p(95)": 1311.5657854,
            "avg": 887.8409186926585,
            "min": 501.224042
        },
        "http_req_tls_handshaking": {
            "avg": 0,
            "min": 0,
            "med": 0,
            "max": 0,
            "p(90)": 0,
            "p(95)": 0
        },
        "checks": {
            "passes": 14996,
            "fails": 0,
            "value": 1
        },
        "http_req_sending": {
            "min": 0.003,
            "med": 0.016,
            "max": 10.746,
            "p(90)": 0.03,
            "p(95)": 0.041,
            "avg": 0.01993658308882304
        },
        "http_reqs": {
            "count": 14996,
            "rate": 244.56511280296735
        },
        "iterations": {
            "count": 13620,
            "rate": 222.12435558658413
        },
        "http_req_waiting": {
            "max": 283.836,
            "p(90)": 6.7275,
            "p(95)": 10.1375,
            "avg": 5.782384835956267,
            "min": 0.405,
            "med": 1.635
        }
    },
    "root_group": {
        "path": "",
        "id": "d41d8cd98f00b204e9800998ecf8427e",
        "groups": {},
        "checks": {
                "products 200": {
                    "name": "products 200",
                    "path": "::products 200",
                    "id": "3534a27ce5029fe37f8cb805b80d20f3",
                    "passes": 8174,
                    "fails": 0
                },
                "cart add 201": {
                    "name": "cart add 201",
                    "path": "::cart add 201",
                    "id": "640818dc833ca0dd636af26f41ec2dd9",
                    "passes": 5446,
                    "fails": 0
                },
                "order placed 201": {
                    "passes": 1376,
                    "fails": 0,
                    "name": "order placed 201",
                    "path": "::order placed 201",
                    "id": "c8449f115a1ec28ab21a2d1f6d24c7e8"
                }
            },
        "name": ""
    }
}