{
    "root_group": {
        "name": "",
        "path": "",
        "id": "d41d8cd98f00b204e9800998ecf8427e",
        "groups": {},
        "checks": {
                "cart add 201": {
                    "name": "cart add 201",
                    "path": "::cart add 201",
                    "id": "640818dc833ca0dd636af26f41ec2dd9",
                    "passes": 9000,
                    "fails": 0
                },
                "order placed 201": {
                    "name": "order placed 201",
                    "path": "::order placed 201",
                    "id": "c8449f115a1ec28ab21a2d1f6d24c7e8",
                    "passes": 9000,
                    "fails": 0
                }
            }
    },
    "metrics": {
        "data_received": {
            "count": 6605233,
            "rate": 108967.35731937285
        },
        "http_req_connecting": {
            "max": 6.767,
            "p(90)": 0,
            "p(95)": 0,
            "avg": 0.041191611111111144,
            "min": 0,
            "med": 0
        },
        "http_req_waiting": {
            "max": 801.999,
            "p(90)": 27.160700000000002,
            "p(95)": 40.588449999999995,
            "avg": 21.41469822222222,
            "min": 0.868,
            "med": 8.188
        },
        "http_req_failed": {
            "passes": 0,
            "fails": 18000,
            "thresholds": {
                "rate<0.05": false
            },
            "value": 0
        },
        "http_req_blocked": {
            "avg": 0.05007827777778598,
            "min": 0.001,
            "med": 0.003,
            "max": 8.014,
            "p(90)": 0.007,
            "p(95)": 0.011
        },
        "http_req_sending": {
            "avg": 0.01975538888888732,
            "min": 0.002,
            "med": 0.011,
            "max": 4.918,
            "p(90)": 0.024,
            "p(95)": 0.033
        },
        "iterations": {
            "count": 9000,
            "rate": 148.47412890269814
        },
        "iteration_duration": {
            "p(95)": 1358.52675415,
            "avg": 1343.6983245717747,
            "min": 1304.913666,
            "med": 1321.042292,
            "max": 2441.149,
            "p(90)": 1343.1003125
        },
        "http_req_receiving": {
            "avg": 0.027594277777776868,
            "min": 0.006,
            "med": 0.024,
            "max": 0.634,
            "p(90)": 0.043,
            "p(95)": 0.051
        },
        "http_req_duration{expected_response:true}": {
            "p(95)": 40.62049999999999,
            "avg": 21.462047888888893,
            "min": 0.888,
            "med": 8.2345,
            "max": 802.079,
            "p(90)": 27.195600000000002
        },
        "checks": {
            "passes": 18000,
            "fails": 0,
            "value": 1
        },
        "http_req_duration": {
            "min": 0.888,
            "med": 8.2345,
            "max": 802.079,
            "p(90)": 27.195600000000002,
            "p(95)": 40.62049999999999,
            "avg": 21.462047888888893,
            "thresholds": {
                "p(95)<5000": false
            }
        },
        "http_req_tls_handshaking": {
            "avg": 0,
            "min": 0,
            "med": 0,
            "max": 0,
            "p(90)": 0,
            "p(95)": 0
        },
        "vus": {
            "value": 200,
            "min": 200,
            "max": 200
        },
        "data_sent": {
            "count": 2885180,
            "rate": 47597.17635860963
        },
        "http_reqs": {
            "count": 18000,
            "rate": 296.9482578053963
        },
        "vus_max": {
            "value": 200,
            "min": 200,
            "max": 200
        }
    }
}