{
    "metrics": {
        "iterations": {
            "count": 3411,
            "rate": 55.91983047192714
        },
        "http_reqs": {
            "count": 3758,
            "rate": 61.60853794004755
        },
        "http_req_blocked": {
            "avg": 0.09122405534858778,
            "min": 0.001,
            "med": 0.009,
            "max": 4.302,
            "p(90)": 0.051200000000000336,
            "p(95)": 0.6807499999999992
        },
        "http_req_failed": {
            "passes": 0,
            "fails": 3758,
            "thresholds": {
                "rate<0.05": false
            },
            "value": 0
        },
        "http_req_waiting": {
            "med": 3.4105,
            "max": 121.04,
            "p(90)": 11.611800000000008,
            "p(95)": 18.057899999999997,
            "avg": 6.171812666311865,
            "min": 0.476
        },
        "vus": {
            "max": 50,
            "value": 0,
            "min": 0
        },
        "http_req_connecting": {
            "avg": 0.055111495476317184,
            "min": 0,
            "med": 0,
            "max": 2.518,
            "p(90)": 0,
            "p(95)": 0.539
        },
        "data_sent": {
            "count": 442118,
            "rate": 7248.069073171352
        },
        "iteration_duration": {
            "avg": 886.2839270768094,
            "min": 501.685125,
            "med": 1002.6075,
            "max": 1484.809625,
            "p(90)": 1312.1755,
            "p(95)": 1325.0693749999998
        },
        "checks": {
            "passes": 3758,
            "fails": 0,
            "value": 1
        },
        "data_received": {
            "count": 4159904,
            "rate": 68197.33991776359
        },
        "vus_max": {
            "value": 50,
            "min": 50,
            "max": 50
        },
        "http_req_duration{expected_response:true}": {
            "min": 0.529,
            "med": 3.5140000000000002,
            "max": 121.105,
            "p(90)": 11.817400000000001,
            "p(95)": 18.22615,
            "avg": 6.279489089941475
        },
        "http_req_tls_handshaking": {
            "avg": 0,
            "min": 0,
            "med": 0,
            "max": 0,
            "p(90)": 0,
            "p(95)": 0
        },
        "http_req_receiving": {
            "max": 0.396,
            "p(90)": 0.115,
            "p(95)": 0.132,
            "avg": 0.06964608834486441,
            "min": 0.007,
            "med": 0.063
        },
        "http_req_duration": {
            "p(95)": 18.22615,
            "avg": 6.279489089941475,
            "min": 0.529,
            "med": 3.5140000000000002,
            "max": 121.105,
            "p(90)": 11.817400000000001,
            "thresholds": {
                "p(95)<3000": false
            }
        },
        "http_req_sending": {
            "avg": 0.038030335284726206,
            "min": 0.004,
            "med": 0.032,
            "max": 1.667,
            "p(90)": 0.064,
            "p(95)": 0.079
        }
    },
    "root_group": {
        "name": "",
        "path": "",
        "id": "d41d8cd98f00b204e9800998ecf8427e",
        "groups": {},
        "checks": {
                "products 200": {
                    "id": "3534a27ce5029fe37f8cb805b80d20f3",
                    "passes": 2024,
                    "fails": 0,
                    "name": "products 200",
                    "path": "::products 200"
                },
                "cart add 201": {
                    "id": "640818dc833ca0dd636af26f41ec2dd9",
                    "passes": 1387,
                    "fails": 0,
                    "name": "cart add 201",
                    "path": "::cart add 201"
                },
                "order placed 201": {
                    "name": "order placed 201",
                    "path": "::order placed 201",
                    "id": "c8449f115a1ec28ab21a2d1f6d24c7e8",
                    "passes": 347,
                    "fails": 0
                }
            }
    }
}