{
    "root_group": {
        "name": "",
        "path": "",
        "id": "d41d8cd98f00b204e9800998ecf8427e",
        "groups": {},
        "checks": {
                "status 200": {
                    "name": "status 200",
                    "path": "::status 200",
                    "id": "fad9fa412b86fcb03bee97c80dcd61f1",
                    "passes": 3000,
                    "fails": 0
                }
            }
    },
    "metrics": {
        "iterations": {
            "count": 3000,
            "rate": 49.59782774740554
        },
        "vus": {
            "value": 50,
            "min": 50,
            "max": 50
        },
        "http_req_receiving": {
            "avg": 0.035381666666667116,
            "min": 0.008,
            "med": 0.031,
            "max": 0.922,
            "p(90)": 0.05,
            "p(95)": 0.06104999999999987
        },
        "http_req_connecting": {
            "avg": 0.008638333333333335,
            "min": 0,
            "med": 0,
            "max": 0.678,
            "p(90)": 0,
            "p(95)": 0
        },
        "http_req_waiting": {
            "avg": 7.557258666666663,
            "min": 0.959,
            "med": 7.1605,
            "max": 41.624,
            "p(90)": 10.609800000000002,
            "p(95)": 13.0253
        },
        "vus_max": {
            "value": 50,
            "min": 50,
            "max": 50
        },
        "data_sent": {
            "count": 234000,
            "rate": 3868.630564297632
        },
        "http_req_failed": {
            "fails": 3000,
            "passes": 0,
            "thresholds": {
                "rate<0.01": false
            },
            "value": 0
        },
        "http_req_duration{expected_response:true}": {
            "med": 7.2115,
            "max": 41.641,
            "p(90)": 10.705,
            "p(95)": 13.06725,
            "avg": 7.6114316666666735,
            "min": 0.997
        },
        "data_received": {
            "count": 5334000,
            "rate": 88184.93773488705
        },
        "iteration_duration": {
            "p(95)": 1013.3865479499999,
            "avg": 1007.9371461033346,
            "min": 1001.137542,
            "med": 1007.5600835,
            "max": 1043.176417,
            "p(90)": 1010.8991994
        },
        "http_req_tls_handshaking": {
            "avg": 0,
            "min": 0,
            "med": 0,
            "max": 0,
            "p(90)": 0,
            "p(95)": 0
        },
        "http_reqs": {
            "count": 3000,
            "rate": 49.59782774740554
        },
        "http_req_blocked": {
            "med": 0.005,
            "max": 1.413,
            "p(90)": 0.009,
            "p(95)": 0.014,
            "avg": 0.021475666666666848,
            "min": 0.001
        },
        "checks": {
            "passes": 3000,
            "fails": 0,
            "value": 1
        },
        "http_req_duration": {
            "p(90)": 10.705,
            "p(95)": 13.06725,
            "avg": 7.6114316666666735,
            "min": 0.997,
            "med": 7.2115,
            "max": 41.641,
            "thresholds": {
                "p(95)<2000": false
            }
        },
        "http_req_sending": {
            "p(90)": 0.026,
            "p(95)": 0.044,
            "avg": 0.01879133333333354,
            "min": 0.003,
            "med": 0.012,
            "max": 0.982
        }
    }
}