{
    "root_group": {
        "groups": {},
        "checks": {
                "cart add 201": {
                    "name": "cart add 201",
                    "path": "::cart add 201",
                    "id": "640818dc833ca0dd636af26f41ec2dd9",
                    "passes": 1100,
                    "fails": 0
                },
                "order placed 201": {
                    "path": "::order placed 201",
                    "id": "c8449f115a1ec28ab21a2d1f6d24c7e8",
                    "passes": 1100,
                    "fails": 0,
                    "name": "order placed 201"
                }
            },
        "name": "",
        "path": "",
        "id": "d41d8cd98f00b204e9800998ecf8427e"
    },
    "metrics": {
        "iterations": {
            "rate": 18.276800448027515,
            "count": 1100
        },
        "http_req_connecting": {
            "avg": 0.010718636363636366,
            "min": 0,
            "med": 0,
            "max": 1.529,
            "p(90)": 0,
            "p(95)": 0
        },
        "iteration_duration": {
            "min": 1326.001542,
            "med": 1359.371229,
            "max": 1669.625,
            "p(90)": 1380.0273581,
            "p(95)": 1400.7161618500002,
            "avg": 1367.6290280063633
        },
        "http_req_failed": {
            "passes": 0,
            "fails": 2200,
            "thresholds": {
                "rate<0.05": false
            },
            "value": 0
        },
        "http_req_receiving": {
            "avg": 0.03157181818181843,
            "min": 0.011,
            "med": 0.025,
            "max": 1.094,
            "p(90)": 0.04910000000000005,
            "p(95)": 0.067
        },
        "data_sent": {
            "count": 350816,
            "rate": 5828.903659977474
        },
        "http_req_duration{expected_response:true}": {
            "min": 2.714,
            "med": 27.906,
            "max": 206.861,
            "p(90)": 46.5748,
            "p(95)": 70.32565,
            "avg": 33.18856772727278
        },
        "http_req_tls_handshaking": {
            "min": 0,
            "med": 0,
            "max": 0,
            "p(90)": 0,
            "p(95)": 0,
            "avg": 0
        },
        "http_req_sending": {
            "p(95)": 0.0810499999999999,
            "avg": 0.029228181818182073,
            "min": 0.005,
            "med": 0.018,
            "max": 0.569,
            "p(90)": 0.058
        },
        "checks": {
            "passes": 2200,
            "fails": 0,
            "value": 1
        },
        "vus_max": {
            "value": 25,
            "min": 25,
            "max": 25
        },
        "data_received": {
            "count": 803226,
            "rate": 13345.819378788501
        },
        "http_req_waiting": {
            "avg": 33.127767727272726,
            "min": 2.62,
            "med": 27.815,
            "max": 206.812,
            "p(90)": 46.5103,
            "p(95)": 70.2278
        },
        "http_req_duration": {
            "avg": 33.18856772727278,
            "min": 2.714,
            "med": 27.906,
            "max": 206.861,
            "p(90)": 46.5748,
            "p(95)": 70.32565,
            "thresholds": {
                "p(95)<5000": false
            }
        },
        "vus": {
            "value": 25,
            "min": 25,
            "max": 25
        },
        "http_req_blocked": {
            "avg": 0.023367272727273035,
            "min": 0.001,
            "med": 0.006,
            "max": 1.828,
            "p(90)": 0.015,
            "p(95)": 0.019
        },
        "http_reqs": {
            "count": 2200,
            "rate": 36.55360089605503
        }
    }
}