{
    "root_group": {
        "id": "d41d8cd98f00b204e9800998ecf8427e",
        "groups": {},
        "checks": {
                "products 200": {
                    "name": "products 200",
                    "path": "::products 200",
                    "id": "3534a27ce5029fe37f8cb805b80d20f3",
                    "passes": 8237,
                    "fails": 0
                },
                "cart add 201": {
                    "name": "cart add 201",
                    "path": "::cart add 201",
                    "id": "640818dc833ca0dd636af26f41ec2dd9",
                    "passes": 5368,
                    "fails": 0
                },
                "order placed 201": {
                    "fails": 0,
                    "name": "order placed 201",
                    "path": "::order placed 201",
                    "id": "c8449f115a1ec28ab21a2d1f6d24c7e8",
                    "passes": 1356
                }
            },
        "name": "",
        "path": ""
    },
    "metrics": {
        "http_req_waiting": {
            "min": 0.468,
            "med": 1.61,
            "max": 273.059,
            "p(90)": 6.29,
            "p(95)": 8.642,
            "avg": 5.441274580576143
        },
        "iteration_duration": {
            "avg": 888.9824450236673,
            "min": 501.493709,
            "med": 1001.1785,
            "max": 1761.848042,
            "p(90)": 1230.3783168,
            "p(95)": 1311.7929998
        },
        "http_reqs": {
            "count": 14961,
            "rate": 244.067428974029
        },
        "data_sent": {
            "count": 1749021,
            "rate": 28532.789164600308
        },
        "http_req_sending": {
            "med": 0.015,
            "max": 0.217,
            "p(90)": 0.03,
            "p(95)": 0.039,
            "avg": 0.018783169574225635,
            "min": 0.003
        },
        "http_req_blocked": {
            "med": 0.005,
            "max": 20.831,
            "p(90)": 0.022,
            "p(95)": 0.373,
            "avg": 0.08684827217432561,
            "min": 0.001
        },
        "http_req_tls_handshaking": {
            "min": 0,
            "med": 0,
            "max": 0,
            "p(90)": 0,
            "p(95)": 0,
            "avg": 0
        },
        "checks": {
            "passes": 14961,
            "fails": 0,
            "value": 1
        },
        "vus": {
            "max": 200,
            "value": 8,
            "min": 8
        },
        "vus_max": {
            "value": 200,
            "min": 200,
            "max": 200
        },
        "iterations": {
            "count": 13605,
            "rate": 221.94621824688622
        },
        "http_req_failed": {
            "passes": 0,
            "fails": 14961,
            "thresholds": {
                "rate<0.05": false
            },
            "value": 0
        },
        "data_received": {
            "count": 16831043,
            "rate": 274574.5198824496
        },
        "http_req_duration{expected_response:true}": {
            "p(95)": 8.713,
            "avg": 5.491582380856897,
            "min": 0.482,
            "med": 1.662,
            "max": 273.137,
            "p(90)": 6.352
        },
        "http_req_receiving": {
            "max": 0.549,
            "p(90)": 0.051,
            "p(95)": 0.056,
            "avg": 0.031524630706503035,
            "min": 0.009,
            "med": 0.026
        },
        "http_req_duration": {
            "avg": 5.491582380856897,
            "min": 0.482,
            "med": 1.662,
            "max": 273.137,
            "p(90)": 6.352,
            "p(95)": 8.713,
            "thresholds": {
                "p(95)<3000": false
            }
        },
        "http_req_connecting": {
            "avg": 0.07233065971525972,
            "min": 0,
            "med": 0,
            "max": 20.76,
            "p(90)": 0,
            "p(95)": 0.295
        }
    }
}