{
    "root_group": {
        "name": "",
        "path": "",
        "id": "d41d8cd98f00b204e9800998ecf8427e",
        "groups": {},
        "checks": {
                "cart add 201": {
                    "name": "cart add 201",
                    "path": "::cart add 201",
                    "id": "640818dc833ca0dd636af26f41ec2dd9",
                    "passes": 1100,
                    "fails": 0
                },
                "order placed 201": {
                    "name": "order placed 201",
                    "path": "::order placed 201",
                    "id": "c8449f115a1ec28ab21a2d1f6d24c7e8",
                    "passes": 1100,
                    "fails": 0
                }
            }
    },
    "metrics": {
        "vus": {
            "min": 25,
            "max": 25,
            "value": 25
        },
        "http_req_duration{expected_response:true}": {
            "p(95)": 65.55064999999995,
            "avg": 32.34747500000003,
            "min": 2.043,
            "med": 28.0895,
            "max": 179.347,
            "p(90)": 49.0944
        },
        "http_req_receiving": {
            "p(95)": 0.07,
            "avg": 0.032223181818182026,
            "min": 0.009,
            "med": 0.026,
            "max": 0.395,
            "p(90)": 0.054
        },
        "http_reqs": {
            "count": 2200,
            "rate": 36.596360788017456
        },
        "data_sent": {
            "count": 350816,
            "rate": 5835.722230095061
        },
        "iterations": {
            "count": 1100,
            "rate": 18.298180394008728
        },
        "vus_max": {
            "value": 25,
            "min": 25,
            "max": 25
        },
        "iteration_duration": {
            "max": 1623.993041,
            "p(90)": 1379.9671702,
            "p(95)": 1407.9794163499998,
            "avg": 1365.983500281818,
            "min": 1315.403541,
            "med": 1358.247833
        },
        "http_req_waiting": {
            "p(95)": 65.51769999999995,
            "avg": 32.28375090909091,
            "min": 1.97,
            "med": 28.031,
            "max": 179.243,
            "p(90)": 49.0608
        },
        "checks": {
            "passes": 2200,
            "fails": 0,
            "value": 1
        },
        "http_req_tls_handshaking": {
            "avg": 0,
            "min": 0,
            "med": 0,
            "max": 0,
            "p(90)": 0,
            "p(95)": 0
        },
        "http_req_sending": {
            "avg": 0.03150090909090935,
            "min": 0.004,
            "med": 0.018,
            "max": 0.876,
            "p(90)": 0.058,
            "p(95)": 0.0800499999999999
        },
        "http_req_connecting": {
            "avg": 0.014693181818181817,
            "min": 0,
            "med": 0,
            "max": 1.674,
            "p(90)": 0,
            "p(95)": 0
        },
        "data_received": {
            "count": 803226,
            "rate": 13361.431131961868
        },
        "http_req_duration": {
            "p(95)": 65.55064999999995,
            "avg": 32.34747500000003,
            "min": 2.043,
            "med": 28.0895,
            "max": 179.347,
            "p(90)": 49.0944,
            "thresholds": {
                "p(95)<5000": false
            }
        },
        "http_req_blocked": {
            "p(95)": 0.018,
            "avg": 0.0289095454545458,
            "min": 0.001,
            "med": 0.006,
            "max": 2.367,
            "p(90)": 0.014
        },
        "http_req_failed": {
            "passes": 0,
            "fails": 2200,
            "thresholds": {
                "rate<0.05": false
            },
            "value": 0
        }
    }
}