{
    "metrics": {
        "http_req_receiving": {
            "avg": 0.0481132125732549,
            "min": 0.008,
            "med": 0.04,
            "max": 0.633,
            "p(90)": 0.08,
            "p(95)": 0.1
        },
        "iteration_duration": {
            "med": 1001.664896,
            "max": 1408.215375,
            "p(90)": 1024.5564494,
            "p(95)": 1323.3605375000002,
            "avg": 880.6642926786652,
            "min": 501.653917
        },
        "data_sent": {
            "count": 878926,
            "rate": 14360.750330194354
        },
        "http_req_tls_handshaking": {
            "p(95)": 0,
            "avg": 0,
            "min": 0,
            "med": 0,
            "max": 0,
            "p(90)": 0
        },
        "http_req_connecting": {
            "min": 0,
            "med": 0,
            "max": 3.965,
            "p(90)": 0,
            "p(95)": 0.487,
            "avg": 0.053782099094299325
        },
        "http_req_waiting": {
            "max": 99.544,
            "p(90)": 11.772700000000007,
            "p(95)": 18.54595,
            "avg": 4.851301012253601,
            "min": 0.495,
            "med": 2.6265
        },
        "http_req_blocked": {
            "avg": 0.09153449653702382,
            "min": 0.001,
            "med": 0.007,
            "max": 5.075,
            "p(90)": 0.032,
            "p(95)": 0.606
        },
        "http_req_failed": {
            "passes": 0,
            "fails": 7508,
            "thresholds": {
                "rate<0.05": false
            },
            "value": 0
        },
        "http_reqs": {
            "count": 7508,
            "rate": 122.67302762587433
        },
        "http_req_duration{expected_response:true}": {
            "p(90)": 11.874000000000004,
            "p(95)": 18.719699999999992,
            "avg": 4.931606686201389,
            "min": 0.529,
            "med": 2.699,
            "max": 99.726
        },
        "vus": {
            "value": 5,
            "min": 5,
            "max": 100
        },
        "vus_max": {
            "value": 100,
            "min": 100,
            "max": 100
        },
        "http_req_duration": {
            "med": 2.699,
            "max": 99.726,
            "p(90)": 11.874000000000004,
            "p(95)": 18.719699999999992,
            "avg": 4.931606686201389,
            "min": 0.529,
            "thresholds": {
                "p(95)<3000": false
            }
        },
        "http_req_sending": {
            "min": 0.004,
            "med": 0.022,
            "max": 2.302,
            "p(90)": 0.055,
            "p(95)": 0.077,
            "avg": 0.032192461374533465
        },
        "iterations": {
            "count": 6862,
            "rate": 112.11804948971093
        },
        "checks": {
            "passes": 7508,
            "fails": 0,
            "value": 1
        },
        "data_received": {
            "rate": 137210.74539909157,
            "count": 8397757
        }
    },
    "root_group": {
        "path": "",
        "id": "d41d8cd98f00b204e9800998ecf8427e",
        "groups": {},
        "checks": {
                "products 200": {
                    "fails": 0,
                    "name": "products 200",
                    "path": "::products 200",
                    "id": "3534a27ce5029fe37f8cb805b80d20f3",
                    "passes": 4106
                },
                "cart add 201": {
                    "name": "cart add 201",
                    "path": "::cart add 201",
                    "id": "640818dc833ca0dd636af26f41ec2dd9",
                    "passes": 2756,
                    "fails": 0
                },
                "order placed 201": {
                    "name": "order placed 201",
                    "path": "::order placed 201",
                    "id": "c8449f115a1ec28ab21a2d1f6d24c7e8",
                    "passes": 646,
                    "fails": 0
                }
            },
        "name": ""
    }
}