{
    "root_group": {
        "name": "",
        "path": "",
        "id": "d41d8cd98f00b204e9800998ecf8427e",
        "groups": {},
        "checks": {
                "status 200": {
                    "name": "status 200",
                    "path": "::status 200",
                    "id": "fad9fa412b86fcb03bee97c80dcd61f1",
                    "passes": 1500,
                    "fails": 0
                }
            }
    },
    "metrics": {
        "http_req_waiting": {
            "p(90)": 9.762200000000002,
            "p(95)": 12.125599999999995,
            "avg": 6.629353333333326,
            "min": 1.155,
            "med": 6.2330000000000005,
            "max": 21.964
        },
        "http_req_connecting": {
            "avg": 0.008763333333333333,
            "min": 0,
            "med": 0,
            "max": 0.632,
            "p(90)": 0,
            "p(95)": 0
        },
        "data_received": {
            "count": 2667000,
            "rate": 44132.32303463848
        },
        "http_req_blocked": {
            "p(95)": 0.015,
            "avg": 0.02041000000000005,
            "min": 0.001,
            "med": 0.005,
            "max": 1.023,
            "p(90)": 0.013
        },
        "http_reqs": {
            "rate": 24.82132904085404,
            "count": 1500
        },
        "http_req_tls_handshaking": {
            "p(95)": 0,
            "avg": 0,
            "min": 0,
            "med": 0,
            "max": 0,
            "p(90)": 0
        },
        "iteration_duration": {
            "avg": 1007.0753883380016,
            "min": 1001.315042,
            "med": 1006.6322915000001,
            "max": 1023.095792,
            "p(90)": 1010.3376291999999,
            "p(95)": 1013.0612901999999
        },
        "iterations": {
            "count": 1500,
            "rate": 24.82132904085404
        },
        "http_req_failed": {
            "passes": 0,
            "fails": 1500,
            "thresholds": {
                "rate<0.01": false
            },
            "value": 0
        },
        "http_req_receiving": {
            "max": 0.33,
            "p(90)": 0.06,
            "p(95)": 0.084,
            "avg": 0.04241599999999977,
            "min": 0.008,
            "med": 0.038
        },
        "vus": {
            "value": 25,
            "min": 25,
            "max": 25
        },
        "checks": {
            "fails": 0,
            "passes": 1500,
            "value": 1
        },
        "http_req_duration{expected_response:true}": {
            "avg": 6.6923353333333395,
            "min": 1.187,
            "med": 6.2915,
            "max": 21.991,
            "p(90)": 9.807400000000001,
            "p(95)": 12.173099999999996
        },
        "http_req_duration": {
            "min": 1.187,
            "med": 6.2915,
            "max": 21.991,
            "p(90)": 9.807400000000001,
            "p(95)": 12.173099999999996,
            "avg": 6.6923353333333395,
            "thresholds": {
                "p(95)<2000": false
            }
        },
        "http_req_sending": {
            "p(90)": 0.04,
            "p(95)": 0.047,
            "avg": 0.020565999999999966,
            "min": 0.002,
            "med": 0.014,
            "max": 1.099
        },
        "data_sent": {
            "rate": 1936.063665186615,
            "count": 117000
        },
        "vus_max": {
            "value": 25,
            "min": 25,
            "max": 25
        }
    }
}