{
    "metrics": {
        "http_req_connecting": {
            "avg": 0.06106189710610929,
            "min": 0,
            "med": 0,
            "max": 4.395,
            "p(90)": 0,
            "p(95)": 0.5532499999999992
        },
        "http_req_sending": {
            "p(90)": 0.058,
            "p(95)": 0.074,
            "avg": 0.03464549839228339,
            "min": 0.005,
            "med": 0.028,
            "max": 0.441
        },
        "vus": {
            "value": 3,
            "min": 3,
            "max": 50
        },
        "data_received": {
            "count": 4193682,
            "rate": 68539.59789831917
        },
        "data_sent": {
            "count": 435467,
            "rate": 7117.071126992308
        },
        "http_reqs": {
            "count": 3732,
            "rate": 60.994080942839055
        },
        "iteration_duration": {
            "p(95)": 1324.4821585999998,
            "avg": 889.7916236449818,
            "min": 501.8985,
            "med": 1002.527958,
            "max": 1527.597541,
            "p(90)": 1124.759608
        },
        "http_req_tls_handshaking": {
            "avg": 0,
            "min": 0,
            "med": 0,
            "max": 0,
            "p(90)": 0,
            "p(95)": 0
        },
        "http_req_receiving": {
            "avg": 0.06361120042872453,
            "min": 0.011,
            "med": 0.057,
            "max": 0.586,
            "p(90)": 0.105,
            "p(95)": 0.126
        },
        "http_req_duration{expected_response:true}": {
            "avg": 6.782429796355836,
            "min": 0.704,
            "med": 3.4545,
            "max": 180.366,
            "p(90)": 11.621500000000003,
            "p(95)": 17.797449999999994
        },
        "iterations": {
            "count": 3397,
            "rate": 55.51899597074605
        },
        "http_req_failed": {
            "passes": 0,
            "fails": 3732,
            "thresholds": {
                "rate<0.05": false
            },
            "value": 0
        },
        "vus_max": {
            "value": 50,
            "min": 50,
            "max": 50
        },
        "checks": {
            "passes": 3732,
            "fails": 0,
            "value": 1
        },
        "http_req_duration": {
            "p(95)": 17.797449999999994,
            "avg": 6.782429796355836,
            "min": 0.704,
            "med": 3.4545,
            "max": 180.366,
            "p(90)": 11.621500000000003,
            "thresholds": {
                "p(95)<3000": false
            }
        },
        "http_req_blocked": {
            "avg": 0.08526366559485356,
            "min": 0.002,
            "med": 0.009,
            "max": 4.517,
            "p(90)": 0.039,
            "p(95)": 0.697
        },
        "http_req_waiting": {
            "avg": 6.684173097534819,
            "min": 0.65,
            "med": 3.3535000000000004,
            "max": 180.326,
            "p(90)": 11.515600000000001,
            "p(95)": 17.61565
        }
    },
    "root_group": {
        "name": "",
        "path": "",
        "id": "d41d8cd98f00b204e9800998ecf8427e",
        "groups": {},
        "checks": {
                "products 200": {
                    "id": "3534a27ce5029fe37f8cb805b80d20f3",
                    "passes": 2053,
                    "fails": 0,
                    "name": "products 200",
                    "path": "::products 200"
                },
                "cart add 201": {
                    "fails": 0,
                    "name": "cart add 201",
                    "path": "::cart add 201",
                    "id": "640818dc833ca0dd636af26f41ec2dd9",
                    "passes": 1344
                },
                "order placed 201": {
                    "path": "::order placed 201",
                    "id": "c8449f115a1ec28ab21a2d1f6d24c7e8",
                    "passes": 335,
                    "fails": 0,
                    "name": "order placed 201"
                }
            }
    }
}