{
    "metrics": {
        "http_req_duration": {
            "p(95)": 11.827299999999997,
            "avg": 7.653727750000027,
            "min": 0.49,
            "med": 5.516500000000001,
            "max": 167.298,
            "p(90)": 10.1541,
            "thresholds": {
                "p(95)<2000": false
            }
        },
        "http_req_blocked": {
            "p(90)": 0.007,
            "p(95)": 0.011,
            "avg": 0.08309474999999628,
            "min": 0,
            "med": 0.003,
            "max": 8.486
        },
        "http_req_waiting": {
            "min": 0.463,
            "med": 5.4775,
            "max": 165.998,
            "p(90)": 10.1112,
            "p(95)": 11.795199999999998,
            "avg": 7.607837666666652
        },
        "data_received": {
            "count": 21231098,
            "rate": 350914.9373457502
        },
        "vus_max": {
            "min": 200,
            "max": 200,
            "value": 200
        },
        "iterations": {
            "count": 12000,
            "rate": 198.34015405840069
        },
        "http_reqs": {
            "count": 12000,
            "rate": 198.34015405840069
        },
        "http_req_receiving": {
            "max": 0.408,
            "p(90)": 0.042,
            "p(95)": 0.05,
            "avg": 0.025804583333332493,
            "min": 0,
            "med": 0.022
        },
        "http_req_tls_handshaking": {
            "p(90)": 0,
            "p(95)": 0,
            "avg": 0,
            "min": 0,
            "med": 0,
            "max": 0
        },
        "http_req_failed": {
            "passes": 59,
            "fails": 11941,
            "thresholds": {
                "rate<0.01": false
            },
            "value": 0.004916666666666666
        },
        "http_req_sending": {
            "med": 0.008,
            "max": 3.654,
            "p(90)": 0.017,
            "p(95)": 0.025,
            "avg": 0.02008549999999772,
            "min": 0.002
        },
        "checks": {
            "passes": 11941,
            "fails": 59,
            "value": 0.9950833333333333
        },
        "data_sent": {
            "count": 936000,
            "rate": 15470.532016555253
        },
        "vus": {
            "value": 200,
            "min": 200,
            "max": 200
        },
        "http_req_connecting": {
            "max": 5.961,
            "p(90)": 0,
            "p(95)": 0,
            "avg": 0.07540149999999998,
            "min": 0,
            "med": 0
        },
        "http_req_duration{expected_response:true}": {
            "p(95)": 11.836,
            "avg": 7.66347073109458,
            "min": 0.49,
            "med": 5.512,
            "max": 167.298,
            "p(90)": 10.167
        },
        "iteration_duration": {
            "avg": 1007.9386469214987,
            "min": 1000.572542,
            "med": 1005.8223330000001,
            "max": 1172.334083,
            "p(90)": 1010.3558256,
            "p(95)": 1011.9747663500001
        }
    },
    "root_group": {
        "groups": {},
        "checks": {
                "status 200": {
                    "fails": 59,
                    "name": "status 200",
                    "path": "::status 200",
                    "id": "fad9fa412b86fcb03bee97c80dcd61f1",
                    "passes": 11941
                }
            },
        "name": "",
        "path": "",
        "id": "d41d8cd98f00b204e9800998ecf8427e"
    }
}