{
    "root_group": {
        "id": "d41d8cd98f00b204e9800998ecf8427e",
        "groups": {},
        "checks": {
                "cart add 201": {
                    "id": "640818dc833ca0dd636af26f41ec2dd9",
                    "passes": 450,
                    "fails": 0,
                    "name": "cart add 201",
                    "path": "::cart add 201"
                },
                "order placed 201": {
                    "name": "order placed 201",
                    "path": "::order placed 201",
                    "id": "c8449f115a1ec28ab21a2d1f6d24c7e8",
                    "passes": 450,
                    "fails": 0
                }
            },
        "name": "",
        "path": ""
    },
    "metrics": {
        "http_reqs": {
            "count": 900,
            "rate": 14.881229927701032
        },
        "http_req_waiting": {
            "min": 4.08,
            "med": 16.97,
            "max": 91.812,
            "p(90)": 32.8123,
            "p(95)": 34.883799999999994,
            "avg": 20.98635777777778
        },
        "data_received": {
            "count": 328247,
            "rate": 5427.4656445312
        },
        "http_req_tls_handshaking": {
            "avg": 0,
            "min": 0,
            "med": 0,
            "max": 0,
            "p(90)": 0,
            "p(95)": 0
        },
        "http_req_receiving": {
            "med": 0.032,
            "max": 0.515,
            "p(90)": 0.08810000000000001,
            "p(95)": 0.121,
            "avg": 0.04449444444444447,
            "min": 0.015
        },
        "vus": {
            "value": 10,
            "min": 10,
            "max": 10
        },
        "http_req_connecting": {
            "avg": 0.014229999999999998,
            "min": 0,
            "med": 0,
            "max": 1.224,
            "p(90)": 0,
            "p(95)": 0
        },
        "http_req_sending": {
            "med": 0.025,
            "max": 0.919,
            "p(90)": 0.069,
            "p(95)": 0.10904999999999997,
            "avg": 0.042618888888888866,
            "min": 0.005
        },
        "http_req_duration{expected_response:true}": {
            "avg": 21.073471111111093,
            "min": 4.108,
            "med": 17.0445,
            "max": 91.954,
            "p(90)": 32.8722,
            "p(95)": 34.9487
        },
        "http_req_blocked": {
            "p(95)": 0.02,
            "avg": 0.03939222222222237,
            "min": 0.002,
            "med": 0.008,
            "max": 1.835,
            "p(90)": 0.018
        },
        "checks": {
            "passes": 900,
            "fails": 0,
            "value": 1
        },
        "vus_max": {
            "value": 10,
            "min": 10,
            "max": 10
        },
        "data_sent": {
            "rate": 2365.0408030096855,
            "count": 143035
        },
        "http_req_duration": {
            "med": 17.0445,
            "max": 91.954,
            "p(90)": 32.8722,
            "p(95)": 34.9487,
            "avg": 21.073471111111093,
            "min": 4.108,
            "thresholds": {
                "p(95)<5000": false
            }
        },
        "http_req_failed": {
            "passes": 0,
            "fails": 900,
            "thresholds": {
                "rate<0.05": false
            },
            "value": 0
        },
        "iteration_duration": {
            "p(95)": 1352.72286455,
            "avg": 1343.825041037778,
            "min": 1323.302542,
            "med": 1342.2498545,
            "max": 1457.285542,
            "p(90)": 1350.3000631
        },
        "iterations": {
            "rate": 7.440614963850516,
            "count": 450
        }
    }
}