{
    "root_group": {
        "name": "",
        "path": "",
        "id": "d41d8cd98f00b204e9800998ecf8427e",
        "groups": {},
        "checks": {
                "products 200": {
                    "name": "products 200",
                    "path": "::products 200",
                    "id": "3534a27ce5029fe37f8cb805b80d20f3",
                    "passes": 4111,
                    "fails": 0
                },
                "cart add 201": {
                    "id": "640818dc833ca0dd636af26f41ec2dd9",
                    "passes": 2709,
                    "fails": 0,
                    "name": "cart add 201",
                    "path": "::cart add 201"
                },
                "order placed 201": {
                    "id": "c8449f115a1ec28ab21a2d1f6d24c7e8",
                    "passes": 675,
                    "fails": 0,
                    "name": "order placed 201",
                    "path": "::order placed 201"
                }
            }
    },
    "metrics": {
        "http_req_blocked": {
            "min": 0.001,
            "med": 0.007,
            "max": 3.475,
            "p(90)": 0.011,
            "p(95)": 0.014,
            "avg": 0.027457638425615896
        },
        "checks": {
            "passes": 7495,
            "fails": 0,
            "value": 1
        },
        "iterations": {
            "rate": 111.23726337411979,
            "count": 6820
        },
        "http_req_duration{expected_response:true}": {
            "med": 3.23,
            "max": 78.386,
            "p(90)": 7.5086,
            "p(95)": 10.127399999999998,
            "avg": 4.894370780520347,
            "min": 0.762
        },
        "http_req_sending": {
            "avg": 0.023764909939959878,
            "min": 0.003,
            "med": 0.02,
            "max": 0.745,
            "p(90)": 0.037,
            "p(95)": 0.043
        },
        "http_req_receiving": {
            "avg": 0.047023482321547516,
            "min": 0.007,
            "med": 0.046,
            "max": 1.073,
            "p(90)": 0.067,
            "p(95)": 0.076
        },
        "http_req_connecting": {
            "med": 0,
            "max": 1.647,
            "p(90)": 0,
            "p(95)": 0,
            "avg": 0.015053368912608413,
            "min": 0
        },
        "data_received": {
            "count": 8406782,
            "rate": 137118.39053706883
        },
        "http_req_failed": {
            "passes": 0,
            "fails": 7495,
            "thresholds": {
                "rate<0.05": false
            },
            "value": 0
        },
        "vus": {
            "value": 5,
            "min": 5,
            "max": 100
        },
        "http_req_tls_handshaking": {
            "avg": 0,
            "min": 0,
            "med": 0,
            "max": 0,
            "p(90)": 0,
            "p(95)": 0
        },
        "iteration_duration": {
            "max": 1400.979,
            "p(90)": 1073.8561464000002,
            "p(95)": 1313.20082355,
            "avg": 886.4524478052781,
            "min": 501.357125,
            "med": 1002.293396
        },
        "http_req_duration": {
            "min": 0.762,
            "med": 3.23,
            "max": 78.386,
            "p(90)": 7.5086,
            "p(95)": 10.127399999999998,
            "avg": 4.894370780520347,
            "thresholds": {
                "p(95)<3000": false
            }
        },
        "data_sent": {
            "count": 905823,
            "rate": 14774.380003128344
        },
        "http_reqs": {
            "count": 7495,
            "rate": 122.24681656730613
        },
        "http_req_waiting": {
            "min": 0.711,
            "med": 3.163,
            "max": 78.312,
            "p(90)": 7.442,
            "p(95)": 10.062299999999986,
            "avg": 4.823582388258827
        },
        "vus_max": {
            "value": 100,
            "min": 100,
            "max": 100
        }
    }
}