{
    "root_group": {
        "name": "",
        "path": "",
        "id": "d41d8cd98f00b204e9800998ecf8427e",
        "groups": {},
        "checks": {
                "status 200": {
                    "name": "status 200",
                    "path": "::status 200",
                    "id": "fad9fa412b86fcb03bee97c80dcd61f1",
                    "passes": 3000,
                    "fails": 0
                }
            }
    },
    "metrics": {
        "http_req_failed": {
            "passes": 0,
            "fails": 3000,
            "thresholds": {
                "rate<0.01": false
            },
            "value": 0
        },
        "vus": {
            "value": 50,
            "min": 50,
            "max": 50
        },
        "http_req_duration{expected_response:true}": {
            "p(95)": 10.485499999999998,
            "avg": 7.087065333333356,
            "min": 0.432,
            "med": 5.7405,
            "max": 137.454,
            "p(90)": 9.429400000000001
        },
        "http_req_waiting": {
            "min": 0.411,
            "med": 5.6845,
            "max": 137.427,
            "p(90)": 9.376800000000001,
            "p(95)": 10.434299999999999,
            "avg": 7.038245666666659
        },
        "data_received": {
            "count": 5334000,
            "rate": 88231.4905831989
        },
        "http_req_tls_handshaking": {
            "max": 0,
            "p(90)": 0,
            "p(95)": 0,
            "avg": 0,
            "min": 0,
            "med": 0
        },
        "iteration_duration": {
            "avg": 1007.3878320563356,
            "min": 1000.528459,
            "med": 1006.015438,
            "max": 1138.873542,
            "p(90)": 1009.69925,
            "p(95)": 1010.8929353999999
        },
        "data_sent": {
            "count": 246000,
            "rate": 4069.168857042919
        },
        "iterations": {
            "count": 3000,
            "rate": 49.62401045174292
        },
        "http_reqs": {
            "count": 3000,
            "rate": 49.62401045174292
        },
        "http_req_connecting": {
            "avg": 0.018142,
            "min": 0,
            "med": 0,
            "max": 1.548,
            "p(90)": 0,
            "p(95)": 0
        },
        "http_req_receiving": {
            "med": 0.031,
            "max": 0.561,
            "p(90)": 0.048,
            "p(95)": 0.05804999999999987,
            "avg": 0.033963333333333776,
            "min": 0.007
        },
        "http_req_duration": {
            "avg": 7.087065333333356,
            "min": 0.432,
            "med": 5.7405,
            "max": 137.454,
            "p(90)": 9.429400000000001,
            "p(95)": 10.485499999999998,
            "thresholds": {
                "p(95)<2000": false
            }
        },
        "checks": {
            "passes": 3000,
            "fails": 0,
            "value": 1
        },
        "http_req_sending": {
            "p(95)": 0.041,
            "avg": 0.014856333333333522,
            "min": 0.002,
            "med": 0.012,
            "max": 0.241,
            "p(90)": 0.024
        },
        "http_req_blocked": {
            "avg": 0.03126533333333358,
            "min": 0.001,
            "med": 0.005,
            "max": 2.071,
            "p(90)": 0.009,
            "p(95)": 0.015
        },
        "vus_max": {
            "max": 50,
            "value": 50,
            "min": 50
        }
    }
}