{
    "root_group": {
        "name": "",
        "path": "",
        "id": "d41d8cd98f00b204e9800998ecf8427e",
        "groups": {},
        "checks": {
                "products 200": {
                    "id": "3534a27ce5029fe37f8cb805b80d20f3",
                    "passes": 4054,
                    "fails": 0,
                    "name": "products 200",
                    "path": "::products 200"
                },
                "cart add 201": {
                    "fails": 0,
                    "name": "cart add 201",
                    "path": "::cart add 201",
                    "id": "640818dc833ca0dd636af26f41ec2dd9",
                    "passes": 2779
                },
                "order placed 201": {
                    "path": "::order placed 201",
                    "id": "c8449f115a1ec28ab21a2d1f6d24c7e8",
                    "passes": 694,
                    "fails": 0,
                    "name": "order placed 201"
                }
            }
    },
    "metrics": {
        "http_req_duration": {
            "max": 90.824,
            "p(90)": 8.9958,
            "p(95)": 11.98349999999999,
            "avg": 5.808692706257438,
            "min": 0.738,
            "med": 3.946,
            "thresholds": {
                "p(95)<3000": false
            }
        },
        "iteration_duration": {
            "min": 501.366584,
            "med": 1002.772959,
            "max": 1417.32575,
            "p(90)": 1306.8485498,
            "p(95)": 1315.0559588,
            "avg": 885.0082829859499
        },
        "iterations": {
            "count": 6833,
            "rate": 111.46827469835091
        },
        "checks": {
            "fails": 0,
            "passes": 7527,
            "value": 1
        },
        "http_req_duration{expected_response:true}": {
            "avg": 5.808692706257438,
            "min": 0.738,
            "med": 3.946,
            "max": 90.824,
            "p(90)": 8.9958,
            "p(95)": 11.98349999999999
        },
        "http_req_receiving": {
            "max": 0.531,
            "p(90)": 0.066,
            "p(95)": 0.078,
            "avg": 0.04594433373189815,
            "min": 0.007,
            "med": 0.044
        },
        "http_req_waiting": {
            "p(90)": 8.9344,
            "p(95)": 11.937499999999995,
            "avg": 5.74007865019264,
            "min": 0.695,
            "med": 3.877,
            "max": 90.79
        },
        "data_sent": {
            "count": 916102,
            "rate": 14944.579158160202
        },
        "http_req_failed": {
            "passes": 0,
            "fails": 7527,
            "thresholds": {
                "rate<0.05": false
            },
            "value": 0
        },
        "http_req_tls_handshaking": {
            "avg": 0,
            "min": 0,
            "med": 0,
            "max": 0,
            "p(90)": 0,
            "p(95)": 0
        },
        "vus": {
            "max": 100,
            "value": 5,
            "min": 5
        },
        "http_req_blocked": {
            "p(90)": 0.011,
            "p(95)": 0.014,
            "avg": 0.041828351268759466,
            "min": 0.001,
            "med": 0.007,
            "max": 4.122
        },
        "vus_max": {
            "value": 100,
            "min": 100,
            "max": 100
        },
        "http_req_sending": {
            "avg": 0.02266972233293485,
            "min": 0.004,
            "med": 0.02,
            "max": 0.531,
            "p(90)": 0.036,
            "p(95)": 0.043
        },
        "http_reqs": {
            "count": 7527,
            "rate": 122.78965368864148
        },
        "http_req_connecting": {
            "p(90)": 0,
            "p(95)": 0,
            "avg": 0.02938182542845755,
            "min": 0,
            "med": 0,
            "max": 2.952
        },
        "data_received": {
            "count": 8334647,
            "rate": 135964.9818981101
        }
    }
}