{
    "root_group": {
        "name": "",
        "path": "",
        "id": "d41d8cd98f00b204e9800998ecf8427e",
        "groups": {},
        "checks": {
                "cart add 201": {
                    "path": "::cart add 201",
                    "id": "640818dc833ca0dd636af26f41ec2dd9",
                    "passes": 5399,
                    "fails": 20,
                    "name": "cart add 201"
                },
                "products 200": {
                    "id": "3534a27ce5029fe37f8cb805b80d20f3",
                    "passes": 8228,
                    "fails": 32,
                    "name": "products 200",
                    "path": "::products 200"
                },
                "order placed 201": {
                    "name": "order placed 201",
                    "path": "::order placed 201",
                    "id": "c8449f115a1ec28ab21a2d1f6d24c7e8",
                    "passes": 1338,
                    "fails": 1
                }
            }
    },
    "metrics": {
        "http_req_connecting": {
            "med": 0,
            "max": 4.947,
            "p(90)": 0,
            "p(95)": 0,
            "avg": 0.05389625782394459,
            "min": 0
        },
        "http_req_tls_handshaking": {
            "avg": 0,
            "min": 0,
            "med": 0,
            "max": 0,
            "p(90)": 0,
            "p(95)": 0
        },
        "vus": {
            "max": 200,
            "value": 13,
            "min": 13
        },
        "iteration_duration": {
            "avg": 884.7921905074168,
            "min": 500.905291,
            "med": 1001.545375,
            "max": 1483.501833,
            "p(90)": 1151.1911582,
            "p(95)": 1308.2139206
        },
        "vus_max": {
            "value": 200,
            "min": 200,
            "max": 200
        },
        "data_sent": {
            "count": 1816885,
            "rate": 29637.360758593506
        },
        "checks": {
            "passes": 14965,
            "fails": 53,
            "value": 0.9964709015847649
        },
        "http_reqs": {
            "count": 15018,
            "rate": 244.9763655226155
        },
        "http_req_blocked": {
            "avg": 0.06372506325741625,
            "min": 0.001,
            "med": 0.006,
            "max": 7.142,
            "p(90)": 0.009,
            "p(95)": 0.011
        },
        "iterations": {
            "count": 13679,
            "rate": 223.13435237607254
        },
        "http_req_sending": {
            "max": 1.324,
            "p(90)": 0.027,
            "p(95)": 0.031,
            "avg": 0.018775136502862597,
            "min": 0.003,
            "med": 0.017
        },
        "http_req_receiving": {
            "p(90)": 0.056,
            "p(95)": 0.063,
            "avg": 0.037802703422559224,
            "min": 0,
            "med": 0.038,
            "max": 0.63
        },
        "http_req_duration{expected_response:true}": {
            "min": 0.45,
            "med": 1.891,
            "max": 169.043,
            "p(90)": 4.575200000000001,
            "p(95)": 6.136599999999995,
            "avg": 3.699977146675555
        },
        "http_req_waiting": {
            "avg": 3.6460291650020045,
            "min": 0.438,
            "med": 1.839,
            "max": 169.028,
            "p(90)": 4.522,
            "p(95)": 6.048349999999994
        },
        "data_received": {
            "count": 16816504,
            "rate": 274313.8920439823
        },
        "http_req_duration": {
            "min": 0.45,
            "med": 1.895,
            "max": 169.043,
            "p(90)": 4.576900000000001,
            "p(95)": 6.129299999999998,
            "avg": 3.702607004927396,
            "thresholds": {
                "p(95)<3000": false
            }
        },
        "http_req_failed": {
            "passes": 53,
            "fails": 14965,
            "thresholds": {
                "rate<0.05": false
            },
            "value": 0.0035290984152350512
        }
    }
}