{
    "root_group": {
        "name": "",
        "path": "",
        "id": "d41d8cd98f00b204e9800998ecf8427e",
        "groups": {},
        "checks": {
                "products 200": {
                    "name": "products 200",
                    "path": "::products 200",
                    "id": "3534a27ce5029fe37f8cb805b80d20f3",
                    "passes": 386,
                    "fails": 0
                },
                "cart add 201": {
                    "passes": 298,
                    "fails": 0,
                    "name": "cart add 201",
                    "path": "::cart add 201",
                    "id": "640818dc833ca0dd636af26f41ec2dd9"
                },
                "order placed 201": {
                    "name": "order placed 201",
                    "path": "::order placed 201",
                    "id": "c8449f115a1ec28ab21a2d1f6d24c7e8",
                    "passes": 79,
                    "fails": 0
                }
            }
    },
    "metrics": {
        "http_req_receiving": {
            "min": 0.011,
            "med": 0.077,
            "max": 0.738,
            "p(90)": 0.114,
            "p(95)": 0.126,
            "avg": 0.08019003931847977
        },
        "http_req_waiting": {
            "p(90)": 8.343399999999999,
            "p(95)": 9.576099999999999,
            "avg": 6.035428571428567,
            "min": 1.194,
            "med": 4.792,
            "max": 70.046
        },
        "http_req_duration{expected_response:true}": {
            "p(90)": 8.4672,
            "p(95)": 9.7629,
            "avg": 6.15938663171691,
            "min": 1.251,
            "med": 4.921,
            "max": 70.098
        },
        "http_req_failed": {
            "passes": 0,
            "fails": 763,
            "thresholds": {
                "rate<0.05": false
            },
            "value": 0
        },
        "http_reqs": {
            "count": 763,
            "rate": 12.543573093184134
        },
        "http_req_blocked": {
            "avg": 0.020753604193971105,
            "min": 0.002,
            "med": 0.012,
            "max": 0.65,
            "p(90)": 0.019,
            "p(95)": 0.021
        },
        "data_sent": {
            "count": 94642,
            "rate": 1555.89625777868
        },
        "iterations": {
            "count": 684,
            "rate": 11.244828303719459
        },
        "vus_max": {
            "value": 10,
            "min": 10,
            "max": 10
        },
        "http_req_duration": {
            "p(90)": 8.4672,
            "p(95)": 9.7629,
            "avg": 6.15938663171691,
            "min": 1.251,
            "med": 4.921,
            "max": 70.098,
            "thresholds": {
                "p(95)<3000": false
            }
        },
        "checks": {
            "passes": 763,
            "fails": 0,
            "value": 1
        },
        "vus": {
            "value": 10,
            "min": 10,
            "max": 10
        },
        "http_req_sending": {
            "avg": 0.043768020969855784,
            "min": 0.006,
            "med": 0.042,
            "max": 0.381,
            "p(90)": 0.061800000000000015,
            "p(95)": 0.071
        },
        "iteration_duration": {
            "max": 1382.610084,
            "p(90)": 1314.9045089,
            "p(95)": 1317.9299625,
            "avg": 882.6871460438592,
            "min": 502.678334,
            "med": 1004.6048335
        },
        "http_req_tls_handshaking": {
            "avg": 0,
            "min": 0,
            "med": 0,
            "max": 0,
            "p(90)": 0,
            "p(95)": 0
        },
        "data_received": {
            "count": 808653,
            "rate": 13294.099623227561
        },
        "http_req_connecting": {
            "min": 0,
            "med": 0,
            "max": 0.315,
            "p(90)": 0,
            "p(95)": 0,
            "avg": 0.0037850589777195286
        }
    }
}