{
    "metrics": {
        "http_req_connecting": {
            "avg": 0.005331666666666666,
            "min": 0,
            "med": 0,
            "max": 0.392,
            "p(90)": 0,
            "p(95)": 0
        },
        "data_sent": {
            "count": 49200,
            "rate": 813.5176204278905
        },
        "data_received": {
            "rate": 17639.443038058405,
            "count": 1066800
        },
        "iteration_duration": {
            "avg": 1007.8863150183332,
            "min": 1001.089125,
            "med": 1007.2124584999999,
            "max": 1051.848917,
            "p(90)": 1009.5964548,
            "p(95)": 1010.6937146
        },
        "iterations": {
            "count": 600,
            "rate": 9.92094659058403
        },
        "checks": {
            "passes": 600,
            "fails": 0,
            "value": 1
        },
        "http_reqs": {
            "count": 600,
            "rate": 9.92094659058403
        },
        "http_req_sending": {
            "p(95)": 0.062,
            "avg": 0.02735999999999994,
            "min": 0.004,
            "med": 0.02,
            "max": 0.263,
            "p(90)": 0.048
        },
        "vus": {
            "value": 10,
            "min": 10,
            "max": 10
        },
        "http_req_blocked": {
            "p(90)": 0.017,
            "p(95)": 0.018,
            "avg": 0.02058999999999997,
            "min": 0.001,
            "med": 0.007,
            "max": 0.807
        },
        "vus_max": {
            "value": 10,
            "min": 10,
            "max": 10
        },
        "http_req_waiting": {
            "max": 50.959,
            "p(90)": 9.1096,
            "p(95)": 10.42795,
            "avg": 7.340986666666668,
            "min": 0.91,
            "med": 6.63
        },
        "http_req_duration": {
            "avg": 7.420564999999993,
            "min": 0.932,
            "med": 6.72,
            "max": 51.011,
            "p(90)": 9.1661,
            "p(95)": 10.495049999999999,
            "thresholds": {
                "p(95)<2000": false
            }
        },
        "http_req_failed": {
            "passes": 0,
            "fails": 600,
            "thresholds": {
                "rate<0.01": false
            },
            "value": 0
        },
        "http_req_tls_handshaking": {
            "max": 0,
            "p(90)": 0,
            "p(95)": 0,
            "avg": 0,
            "min": 0,
            "med": 0
        },
        "http_req_receiving": {
            "avg": 0.05221833333333335,
            "min": 0.013,
            "med": 0.043,
            "max": 0.464,
            "p(90)": 0.092,
            "p(95)": 0.10804999999999997
        },
        "http_req_duration{expected_response:true}": {
            "min": 0.932,
            "med": 6.72,
            "max": 51.011,
            "p(90)": 9.1661,
            "p(95)": 10.495049999999999,
            "avg": 7.420564999999993
        }
    },
    "root_group": {
        "name": "",
        "path": "",
        "id": "d41d8cd98f00b204e9800998ecf8427e",
        "groups": {},
        "checks": {
                "status 200": {
                    "id": "fad9fa412b86fcb03bee97c80dcd61f1",
                    "passes": 600,
                    "fails": 0,
                    "name": "status 200",
                    "path": "::status 200"
                }
            }
    }
}