{
    "root_group": {
        "name": "",
        "path": "",
        "id": "d41d8cd98f00b204e9800998ecf8427e",
        "groups": {},
        "checks": {
                "products 200": {
                    "name": "products 200",
                    "path": "::products 200",
                    "id": "3534a27ce5029fe37f8cb805b80d20f3",
                    "passes": 402,
                    "fails": 0
                },
                "cart add 201": {
                    "name": "cart add 201",
                    "path": "::cart add 201",
                    "id": "640818dc833ca0dd636af26f41ec2dd9",
                    "passes": 280,
                    "fails": 0
                },
                "order placed 201": {
                    "path": "::order placed 201",
                    "id": "c8449f115a1ec28ab21a2d1f6d24c7e8",
                    "passes": 72,
                    "fails": 0,
                    "name": "order placed 201"
                }
            }
    },
    "metrics": {
        "http_req_duration{expected_response:true}": {
            "max": 17.909,
            "p(90)": 8.536100000000001,
            "p(95)": 9.993999999999998,
            "avg": 5.643194960212204,
            "min": 1.323,
            "med": 5.2575
        },
        "checks": {
            "passes": 754,
            "fails": 0,
            "value": 1
        },
        "http_req_connecting": {
            "p(90)": 0,
            "p(95)": 0,
            "avg": 0.0024973474801061007,
            "min": 0,
            "med": 0,
            "max": 0.242
        },
        "http_req_waiting": {
            "avg": 5.520507957559678,
            "min": 1.282,
            "med": 5.145,
            "max": 17.798,
            "p(90)": 8.4217,
            "p(95)": 9.821799999999996
        },
        "iterations": {
            "count": 682,
            "rate": 11.208476211274714
        },
        "http_reqs": {
            "count": 754,
            "rate": 12.39177575264096
        },
        "http_req_sending": {
            "p(90)": 0.062,
            "p(95)": 0.073,
            "avg": 0.04177188328912462,
            "min": 0.005,
            "med": 0.04,
            "max": 0.203
        },
        "data_sent": {
            "count": 91802,
            "rate": 1508.7397846736676
        },
        "http_req_failed": {
            "fails": 754,
            "passes": 0,
            "thresholds": {
                "rate<0.05": false
            },
            "value": 0
        },
        "data_received": {
            "count": 828645,
            "rate": 13618.545117436563
        },
        "vus_max": {
            "value": 10,
            "min": 10,
            "max": 10
        },
        "http_req_blocked": {
            "p(95)": 0.021,
            "avg": 0.01657161803713519,
            "min": 0.001,
            "med": 0.011,
            "max": 0.554,
            "p(90)": 0.018
        },
        "http_req_tls_handshaking": {
            "avg": 0,
            "min": 0,
            "med": 0,
            "max": 0,
            "p(90)": 0,
            "p(95)": 0
        },
        "iteration_duration": {
            "avg": 886.7791449662755,
            "min": 503.324417,
            "med": 1004.7369375000001,
            "max": 1326.188292,
            "p(90)": 1311.8258083,
            "p(95)": 1318.7447416500002
        },
        "http_req_duration": {
            "avg": 5.643194960212204,
            "min": 1.323,
            "med": 5.2575,
            "max": 17.909,
            "p(90)": 8.536100000000001,
            "p(95)": 9.993999999999998,
            "thresholds": {
                "p(95)<3000": false
            }
        },
        "http_req_receiving": {
            "med": 0.078,
            "max": 0.283,
            "p(90)": 0.12,
            "p(95)": 0.13334999999999997,
            "avg": 0.08091511936339522,
            "min": 0.008
        },
        "vus": {
            "value": 10,
            "min": 10,
            "max": 10
        }
    }
}