{
    "root_group": {
        "path": "",
        "id": "d41d8cd98f00b204e9800998ecf8427e",
        "groups": {},
        "checks": {
                "products 200": {
                    "passes": 418,
                    "fails": 0,
                    "name": "products 200",
                    "path": "::products 200",
                    "id": "3534a27ce5029fe37f8cb805b80d20f3"
                },
                "cart add 201": {
                    "name": "cart add 201",
                    "path": "::cart add 201",
                    "id": "640818dc833ca0dd636af26f41ec2dd9",
                    "passes": 277,
                    "fails": 0
                },
                "order placed 201": {
                    "name": "order placed 201",
                    "path": "::order placed 201",
                    "id": "c8449f115a1ec28ab21a2d1f6d24c7e8",
                    "passes": 53,
                    "fails": 0
                }
            },
        "name": ""
    },
    "metrics": {
        "http_req_connecting": {
            "med": 0,
            "max": 0.331,
            "p(90)": 0,
            "p(95)": 0,
            "avg": 0.003863636363636364,
            "min": 0
        },
        "http_req_duration": {
            "min": 0.903,
            "med": 4.984999999999999,
            "max": 104.144,
            "p(90)": 7.9552,
            "p(95)": 9.383049999999997,
            "avg": 6.505056149732615,
            "thresholds": {
                "p(95)<3000": false
            }
        },
        "vus": {
            "value": 1,
            "min": 1,
            "max": 10
        },
        "http_req_tls_handshaking": {
            "max": 0,
            "p(90)": 0,
            "p(95)": 0,
            "avg": 0,
            "min": 0,
            "med": 0
        },
        "http_req_sending": {
            "avg": 0.04229545454545452,
            "min": 0.005,
            "med": 0.041,
            "max": 0.122,
            "p(90)": 0.067,
            "p(95)": 0.076
        },
        "http_req_duration{expected_response:true}": {
            "p(90)": 7.9552,
            "p(95)": 9.383049999999997,
            "avg": 6.505056149732615,
            "min": 0.903,
            "med": 4.984999999999999,
            "max": 104.144
        },
        "http_req_blocked": {
            "avg": 0.01936631016042771,
            "min": 0.002,
            "med": 0.011,
            "max": 0.637,
            "p(90)": 0.019,
            "p(95)": 0.021
        },
        "http_req_waiting": {
            "p(95)": 9.274799999999997,
            "avg": 6.387330213903749,
            "min": 0.868,
            "med": 4.8555,
            "max": 104.09,
            "p(90)": 7.847600000000001
        },
        "data_sent": {
            "count": 89664,
            "rate": 1466.2639106931724
        },
        "iteration_duration": {
            "max": 1334.750959,
            "p(90)": 1007.5802,
            "p(95)": 1316.3426752,
            "avg": 869.7740445352501,
            "min": 502.657042,
            "med": 1004.118792
        },
        "iterations": {
            "count": 695,
            "rate": 11.36524600655508
        },
        "http_req_receiving": {
            "avg": 0.07543048128342246,
            "min": 0.014,
            "med": 0.07,
            "max": 0.374,
            "p(90)": 0.113,
            "p(95)": 0.12364999999999997
        },
        "data_received": {
            "rate": 13865.403893533776,
            "count": 847888
        },
        "http_req_failed": {
            "passes": 0,
            "fails": 748,
            "thresholds": {
                "rate<0.05": false
            },
            "value": 0
        },
        "checks": {
            "passes": 748,
            "fails": 0,
            "value": 1
        },
        "vus_max": {
            "value": 10,
            "min": 10,
            "max": 10
        },
        "http_reqs": {
            "count": 748,
            "rate": 12.231948220004606
        }
    }
}