{
    "root_group": {
        "name": "",
        "path": "",
        "id": "d41d8cd98f00b204e9800998ecf8427e",
        "groups": {},
        "checks": {
                "status 200": {
                    "fails": 61,
                    "name": "status 200",
                    "path": "::status 200",
                    "id": "fad9fa412b86fcb03bee97c80dcd61f1",
                    "passes": 11939
                }
            }
    },
    "metrics": {
        "data_sent": {
            "count": 984000,
            "rate": 16259.53899150639
        },
        "data_received": {
            "count": 21227542,
            "rate": 350762.24272646295
        },
        "vus": {
            "value": 200,
            "min": 200,
            "max": 200
        },
        "http_req_waiting": {
            "med": 6.778499999999999,
            "max": 89.896,
            "p(90)": 12.7995,
            "p(95)": 15.799499999999995,
            "avg": 7.865633583333347,
            "min": 0.442
        },
        "http_req_blocked": {
            "p(95)": 0.009,
            "avg": 0.084494833333325,
            "min": 0,
            "med": 0.003,
            "max": 6.429,
            "p(90)": 0.006
        },
        "http_req_duration": {
            "avg": 7.901040583333266,
            "min": 0.458,
            "med": 6.8155,
            "max": 89.916,
            "p(90)": 12.8341,
            "p(95)": 15.871649999999994,
            "thresholds": {
                "p(95)<2000": false
            }
        },
        "http_req_tls_handshaking": {
            "max": 0,
            "p(90)": 0,
            "p(95)": 0,
            "avg": 0,
            "min": 0,
            "med": 0
        },
        "iteration_duration": {
            "avg": 1008.2129153240011,
            "min": 1000.510209,
            "med": 1007.1180415,
            "max": 1095.007542,
            "p(90)": 1013.0531962,
            "p(95)": 1016.1978277000001
        },
        "http_req_duration{expected_response:true}": {
            "max": 89.916,
            "p(90)": 12.8732,
            "p(95)": 15.897999999999994,
            "avg": 7.920175559091984,
            "min": 0.458,
            "med": 6.842
        },
        "vus_max": {
            "value": 200,
            "min": 200,
            "max": 200
        },
        "http_req_connecting": {
            "avg": 0.0741243333333333,
            "min": 0,
            "med": 0,
            "max": 5.183,
            "p(90)": 0,
            "p(95)": 0
        },
        "http_req_failed": {
            "passes": 61,
            "fails": 11939,
            "thresholds": {
                "rate<0.01": false
            },
            "value": 0.005083333333333333
        },
        "checks": {
            "passes": 11939,
            "fails": 61,
            "value": 0.9949166666666667
        },
        "iterations": {
            "count": 12000,
            "rate": 198.28706087202914
        },
        "http_reqs": {
            "count": 12000,
            "rate": 198.28706087202914
        },
        "http_req_sending": {
            "max": 3.519,
            "p(90)": 0.015,
            "p(95)": 0.021,
            "avg": 0.011698083333333026,
            "min": 0.002,
            "med": 0.007
        },
        "http_req_receiving": {
            "avg": 0.023708916666665483,
            "min": 0,
            "med": 0.018,
            "max": 6.061,
            "p(90)": 0.038,
            "p(95)": 0.047
        }
    }
}