{
    "root_group": {
        "name": "",
        "path": "",
        "id": "d41d8cd98f00b204e9800998ecf8427e",
        "groups": {},
        "checks": {
                "products 200": {
                    "name": "products 200",
                    "path": "::products 200",
                    "id": "3534a27ce5029fe37f8cb805b80d20f3",
                    "passes": 2073,
                    "fails": 0
                },
                "cart add 201": {
                    "name": "cart add 201",
                    "path": "::cart add 201",
                    "id": "640818dc833ca0dd636af26f41ec2dd9",
                    "passes": 1318,
                    "fails": 0
                },
                "order placed 201": {
                    "fails": 0,
                    "name": "order placed 201",
                    "path": "::order placed 201",
                    "id": "c8449f115a1ec28ab21a2d1f6d24c7e8",
                    "passes": 340
                }
            }
    },
    "metrics": {
        "http_req_waiting": {
            "p(95)": 11.354999999999999,
            "avg": 5.661642455105879,
            "min": 0.583,
            "med": 4.097,
            "max": 76.648,
            "p(90)": 8.649
        },
        "iteration_duration": {
            "avg": 892.8252972624593,
            "min": 501.799625,
            "med": 1003.087666,
            "max": 1391.817208,
            "p(90)": 1305.019875,
            "p(95)": 1315.5918125
        },
        "http_req_connecting": {
            "p(95)": 0,
            "avg": 0.006731439292414903,
            "min": 0,
            "med": 0,
            "max": 1.179,
            "p(90)": 0
        },
        "http_req_tls_handshaking": {
            "max": 0,
            "p(90)": 0,
            "p(95)": 0,
            "avg": 0,
            "min": 0,
            "med": 0
        },
        "data_sent": {
            "count": 448333,
            "rate": 7326.743083727789
        },
        "vus_max": {
            "value": 50,
            "min": 50,
            "max": 50
        },
        "vus": {
            "value": 2,
            "min": 2,
            "max": 50
        },
        "http_req_duration{expected_response:true}": {
            "p(95)": 11.4185,
            "avg": 5.744421602787469,
            "min": 0.607,
            "med": 4.191,
            "max": 76.93,
            "p(90)": 8.742
        },
        "http_req_sending": {
            "avg": 0.02766202090592375,
            "min": 0.003,
            "med": 0.024,
            "max": 0.361,
            "p(90)": 0.045,
            "p(95)": 0.055
        },
        "http_req_blocked": {
            "med": 0.007,
            "max": 1.824,
            "p(90)": 0.014,
            "p(95)": 0.017,
            "avg": 0.01698686679174521,
            "min": 0.001
        },
        "http_req_duration": {
            "p(95)": 11.4185,
            "avg": 5.744421602787469,
            "min": 0.607,
            "med": 4.191,
            "max": 76.93,
            "p(90)": 8.742,
            "thresholds": {
                "p(95)<3000": false
            }
        },
        "http_req_failed": {
            "passes": 0,
            "fails": 3731,
            "thresholds": {
                "rate<0.05": false
            },
            "value": 0
        },
        "http_reqs": {
            "count": 3731,
            "rate": 60.97271101031684
        },
        "data_received": {
            "count": 4223632,
            "rate": 69023.39677028319
        },
        "iterations": {
            "count": 3391,
            "rate": 55.41636639935256
        },
        "http_req_receiving": {
            "med": 0.05,
            "max": 4.832,
            "p(90)": 0.083,
            "p(95)": 0.094,
            "avg": 0.055117126775663404,
            "min": 0.008
        },
        "checks": {
            "passes": 3731,
            "fails": 0,
            "value": 1
        }
    }
}