{
    "root_group": {
        "checks": {
            "products 200": {
                "name": "products 200",
                "path": "::products 200",
                "id": "3534a27ce5029fe37f8cb805b80d20f3",
                "passes": 8198,
                "fails": 35
            },
            "cart add 201": {
                "name": "cart add 201",
                "path": "::cart add 201",
                "id": "640818dc833ca0dd636af26f41ec2dd9",
                "passes": 5396,
                "fails": 21
            },
            "order placed 201": {
                "name": "order placed 201",
                "path": "::order placed 201",
                "id": "c8449f115a1ec28ab21a2d1f6d24c7e8",
                "passes": 1340,
                "fails": 2
            }
        },
        "name": "",
        "path": "",
        "id": "d41d8cd98f00b204e9800998ecf8427e",
        "groups": {}
    },
    "metrics": {
        "http_req_duration{expected_response:true}": {
            "max": 182.37,
            "p(90)": 6.1617,
            "p(95)": 8.841049999999997,
            "avg": 4.660666733627985,
            "min": 0.426,
            "med": 2.255
        },
        "http_req_receiving": {
            "p(95)": 0.069,
            "avg": 0.035486192636072056,
            "min": 0,
            "med": 0.03,
            "max": 0.507,
            "p(90)": 0.058
        },
        "http_req_failed": {
            "passes": 58,
            "fails": 14934,
            "thresholds": {
                "rate<0.05": false
            },
            "value": 0.0038687299893276415
        },
        "http_req_blocked": {
            "p(95)": 0.012,
            "avg": 0.07363233724653705,
            "min": 0.001,
            "med": 0.005,
            "max": 8.807,
            "p(90)": 0.009
        },
        "http_req_tls_handshaking": {
            "avg": 0,
            "min": 0,
            "med": 0,
            "max": 0,
            "p(90)": 0,
            "p(95)": 0
        },
        "http_req_duration": {
            "max": 182.37,
            "p(90)": 6.172,
            "p(95)": 8.815099999999989,
            "avg": 4.662961379402371,
            "min": 0.426,
            "med": 2.265,
            "thresholds": {
                "p(95)<3000": false
            }
        },
        "http_reqs": {
            "count": 14992,
            "rate": 244.6498590864462
        },
        "http_req_waiting": {
            "p(90)": 6.115500000000002,
            "p(95)": 8.749,
            "avg": 4.600113327107793,
            "min": 0.412,
            "med": 2.212,
            "max": 182.255
        },
        "iterations": {
            "count": 13650,
            "rate": 222.75017186032488
        },
        "data_sent": {
            "count": 1814681,
            "rate": 29613.22378180705
        },
        "data_received": {
            "count": 16763775,
            "rate": 273562.91298738593
        },
        "http_req_connecting": {
            "avg": 0.0627295891141942,
            "min": 0,
            "med": 0,
            "max": 8.125,
            "p(90)": 0,
            "p(95)": 0
        },
        "vus_max": {
            "value": 200,
            "min": 200,
            "max": 200
        },
        "checks": {
            "passes": 14934,
            "fails": 58,
            "value": 0.9961312700106724
        },
        "iteration_duration": {
            "p(95)": 1310.17813315,
            "avg": 885.8558149674689,
            "min": 500.733417,
            "med": 1001.6149375,
            "max": 1515.936542,
            "p(90)": 1173.2066756
        },
        "http_req_sending": {
            "p(90)": 0.029,
            "p(95)": 0.036,
            "avg": 0.027361859658482954,
            "min": 0.002,
            "med": 0.015,
            "max": 2.739
        },
        "vus": {
            "value": 13,
            "min": 13,
            "max": 200
        }
    }
}