{
    "root_group": {
        "name": "",
        "path": "",
        "id": "d41d8cd98f00b204e9800998ecf8427e",
        "groups": {},
        "checks": {
                "cart add 201": {
                    "name": "cart add 201",
                    "path": "::cart add 201",
                    "id": "640818dc833ca0dd636af26f41ec2dd9",
                    "passes": 1125,
                    "fails": 0
                },
                "order placed 201": {
                    "name": "order placed 201",
                    "path": "::order placed 201",
                    "id": "c8449f115a1ec28ab21a2d1f6d24c7e8",
                    "passes": 1125,
                    "fails": 0
                }
            }
    },
    "metrics": {
        "checks": {
            "passes": 2250,
            "fails": 0,
            "value": 1
        },
        "http_req_connecting": {
            "avg": 0.005553333333333334,
            "min": 0,
            "med": 0,
            "max": 0.718,
            "p(90)": 0,
            "p(95)": 0
        },
        "http_req_receiving": {
            "p(90)": 0.052,
            "p(95)": 0.077,
            "avg": 0.03750800000000011,
            "min": 0.012,
            "med": 0.031,
            "max": 1.253
        },
        "http_req_tls_handshaking": {
            "avg": 0,
            "min": 0,
            "med": 0,
            "max": 0,
            "p(90)": 0,
            "p(95)": 0
        },
        "vus_max": {
            "value": 25,
            "min": 25,
            "max": 25
        },
        "http_req_duration{expected_response:true}": {
            "min": 1.023,
            "med": 16.628,
            "max": 135.802,
            "p(90)": 25.0452,
            "p(95)": 27.62275,
            "avg": 18.09669422222222
        },
        "vus": {
            "value": 25,
            "min": 25,
            "max": 25
        },
        "http_req_failed": {
            "fails": 2250,
            "passes": 0,
            "thresholds": {
                "rate<0.05": false
            },
            "value": 0
        },
        "http_reqs": {
            "count": 2250,
            "rate": 37.38783835432893
        },
        "iterations": {
            "count": 1125,
            "rate": 18.693919177164464
        },
        "data_sent": {
            "count": 367801,
            "rate": 6111.681926471349
        },
        "http_req_blocked": {
            "avg": 0.015204000000000118,
            "min": 0.002,
            "med": 0.006,
            "max": 1.044,
            "p(90)": 0.015,
            "p(95)": 0.017
        },
        "http_req_sending": {
            "avg": 0.02901200000000024,
            "min": 0.006,
            "med": 0.018,
            "max": 0.528,
            "p(90)": 0.059,
            "p(95)": 0.0695499999999999
        },
        "http_req_waiting": {
            "avg": 18.03017422222226,
            "min": 0.957,
            "med": 16.557499999999997,
            "max": 135.771,
            "p(90)": 24.990199999999998,
            "p(95)": 27.57665
        },
        "data_received": {
            "count": 821504,
            "rate": 13650.781670859837
        },
        "iteration_duration": {
            "p(95)": 1344.8112582,
            "avg": 1337.1866523893314,
            "min": 1319.812083,
            "med": 1334.415917,
            "max": 1471.817583,
            "p(90)": 1341.7048083999998
        },
        "http_req_duration": {
            "avg": 18.09669422222222,
            "min": 1.023,
            "med": 16.628,
            "max": 135.802,
            "p(90)": 25.0452,
            "p(95)": 27.62275,
            "thresholds": {
                "p(95)<5000": false
            }
        }
    }
}