{
    "metrics": {
        "http_req_waiting": {
            "max": 230.788,
            "p(90)": 7.007,
            "p(95)": 9.808599999999995,
            "avg": 6.447327441301987,
            "min": 0.435,
            "med": 2.914
        },
        "vus": {
            "value": 9,
            "min": 9,
            "max": 200
        },
        "http_req_sending": {
            "avg": 0.018507804162219064,
            "min": 0.002,
            "med": 0.016,
            "max": 0.712,
            "p(90)": 0.027,
            "p(95)": 0.033
        },
        "http_req_receiving": {
            "med": 0.035,
            "max": 0.619,
            "p(90)": 0.056,
            "p(95)": 0.065,
            "avg": 0.037114594450373156,
            "min": 0.007
        },
        "http_req_duration": {
            "min": 0.449,
            "med": 2.9745,
            "max": 230.825,
            "p(90)": 7.0719,
            "p(95)": 9.867999999999986,
            "avg": 6.502949839914614,
            "thresholds": {
                "p(95)<3000": false
            }
        },
        "http_req_duration{expected_response:true}": {
            "avg": 6.502949839914614,
            "min": 0.449,
            "med": 2.9745,
            "max": 230.825,
            "p(90)": 7.0719,
            "p(95)": 9.867999999999986
        },
        "http_req_failed": {
            "passes": 0,
            "fails": 14992,
            "thresholds": {
                "rate<0.05": false
            },
            "value": 0
        },
        "http_reqs": {
            "count": 14992,
            "rate": 244.8372324789458
        },
        "iteration_duration": {
            "avg": 887.7505147933176,
            "min": 500.907666,
            "med": 1001.968625,
            "max": 1554.483375,
            "p(90)": 1304.6012328,
            "p(95)": 1311.023208
        },
        "data_sent": {
            "count": 1821606,
            "rate": 29748.997579178395
        },
        "vus_max": {
            "value": 200,
            "min": 200,
            "max": 200
        },
        "http_req_blocked": {
            "min": 0.001,
            "med": 0.006,
            "max": 2.832,
            "p(90)": 0.008,
            "p(95)": 0.01,
            "avg": 0.030223786019205476
        },
        "data_received": {
            "rate": 272963.9057626849,
            "count": 16714267
        },
        "http_req_connecting": {
            "max": 2.806,
            "p(90)": 0,
            "p(95)": 0,
            "avg": 0.024029482390608325,
            "min": 0,
            "med": 0
        },
        "http_req_tls_handshaking": {
            "p(95)": 0,
            "avg": 0,
            "min": 0,
            "med": 0,
            "max": 0,
            "p(90)": 0
        },
        "checks": {
            "passes": 14992,
            "fails": 0,
            "value": 1
        },
        "iterations": {
            "rate": 222.34918090987506,
            "count": 13615
        }
    },
    "root_group": {
        "path": "",
        "id": "d41d8cd98f00b204e9800998ecf8427e",
        "groups": {},
        "checks": {
                "products 200": {
                    "name": "products 200",
                    "path": "::products 200",
                    "id": "3534a27ce5029fe37f8cb805b80d20f3",
                    "passes": 8150,
                    "fails": 0
                },
                "cart add 201": {
                    "name": "cart add 201",
                    "path": "::cart add 201",
                    "id": "640818dc833ca0dd636af26f41ec2dd9",
                    "passes": 5465,
                    "fails": 0
                },
                "order placed 201": {
                    "name": "order placed 201",
                    "path": "::order placed 201",
                    "id": "c8449f115a1ec28ab21a2d1f6d24c7e8",
                    "passes": 1377,
                    "fails": 0
                }
            },
        "name": ""
    }
}