{
    "root_group": {
        "id": "d41d8cd98f00b204e9800998ecf8427e",
        "groups": {},
        "checks": {
                "cart add 201": {
                    "path": "::cart add 201",
                    "id": "640818dc833ca0dd636af26f41ec2dd9",
                    "passes": 2250,
                    "fails": 0,
                    "name": "cart add 201"
                },
                "order placed 201": {
                    "id": "c8449f115a1ec28ab21a2d1f6d24c7e8",
                    "passes": 2250,
                    "fails": 0,
                    "name": "order placed 201",
                    "path": "::order placed 201"
                }
            },
        "name": "",
        "path": ""
    },
    "metrics": {
        "http_req_blocked": {
            "p(95)": 0.015,
            "avg": 0.02825444444444491,
            "min": 0.001,
            "med": 0.005,
            "max": 3.231,
            "p(90)": 0.009
        },
        "data_received": {
            "count": 1649048,
            "rate": 5872.864287690946
        },
        "iteration_duration": {
            "max": 1492.966167,
            "p(90)": 1346.184008,
            "p(95)": 1352.6341098999999,
            "avg": 1335.3423623822246,
            "min": 1305.698917,
            "med": 1332.927021
        },
        "http_req_waiting": {
            "avg": 17.128572888888858,
            "min": 0.961,
            "med": 14.8765,
            "max": 145.828,
            "p(90)": 27.784000000000002,
            "p(95)": 32.03335
        },
        "http_req_receiving": {
            "avg": 0.03003733333333376,
            "min": 0.006,
            "med": 0.025,
            "max": 0.719,
            "p(90)": 0.045,
            "p(95)": 0.058
        },
        "vus": {
            "value": 50,
            "min": 50,
            "max": 50
        },
        "http_req_connecting": {
            "avg": 0.011778666666666663,
            "min": 0,
            "med": 0,
            "max": 1.457,
            "p(90)": 0,
            "p(95)": 0
        },
        "iterations": {
            "count": 2250,
            "rate": 8.013074602622016
        },
        "vus_max": {
            "value": 50,
            "min": 50,
            "max": 50
        },
        "http_req_duration": {
            "p(90)": 27.851399999999998,
            "p(95)": 32.0635,
            "avg": 17.180829333333328,
            "min": 1.034,
            "med": 14.9065,
            "max": 145.927,
            "thresholds": {
                "p(95)<5000": false
            }
        },
        "http_req_duration{expected_response:true}": {
            "min": 1.034,
            "med": 14.9065,
            "max": 145.927,
            "p(90)": 27.851399999999998,
            "p(95)": 32.0635,
            "avg": 17.180829333333328
        },
        "http_req_tls_handshaking": {
            "avg": 0,
            "min": 0,
            "med": 0,
            "max": 0,
            "p(90)": 0,
            "p(95)": 0
        },
        "http_req_failed": {
            "passes": 0,
            "fails": 4500,
            "thresholds": {
                "rate<0.05": false
            },
            "value": 0
        },
        "checks": {
            "fails": 0,
            "passes": 4500,
            "value": 1
        },
        "http_reqs": {
            "count": 4500,
            "rate": 16.02614920524403
        },
        "data_sent": {
            "count": 736415,
            "rate": 2622.643703773285
        },
        "http_req_sending": {
            "p(95)": 0.06,
            "avg": 0.0222191111111115,
            "min": 0.004,
            "med": 0.014,
            "max": 0.747,
            "p(90)": 0.035
        }
    }
}