{
    "root_group": {
        "id": "d41d8cd98f00b204e9800998ecf8427e",
        "groups": {},
        "checks": {
                "status 200": {
                    "path": "::status 200",
                    "id": "fad9fa412b86fcb03bee97c80dcd61f1",
                    "passes": 600,
                    "fails": 0,
                    "name": "status 200"
                }
            },
        "name": "",
        "path": ""
    },
    "metrics": {
        "vus_max": {
            "value": 10,
            "min": 10,
            "max": 10
        },
        "iterations": {
            "count": 600,
            "rate": 9.918514116657462
        },
        "http_req_sending": {
            "p(90)": 0.049,
            "p(95)": 0.061,
            "avg": 0.029064999999999935,
            "min": 0.003,
            "med": 0.022,
            "max": 0.25
        },
        "data_received": {
            "count": 1066800,
            "rate": 17635.11809941697
        },
        "http_req_tls_handshaking": {
            "min": 0,
            "med": 0,
            "max": 0,
            "p(90)": 0,
            "p(95)": 0,
            "avg": 0
        },
        "http_req_failed": {
            "passes": 0,
            "fails": 600,
            "thresholds": {
                "rate<0.01": false
            },
            "value": 0
        },
        "http_req_waiting": {
            "med": 6.635999999999999,
            "max": 59.962,
            "p(90)": 8.552999999999999,
            "p(95)": 9.091499999999998,
            "avg": 7.571084999999996,
            "min": 1.513
        },
        "data_sent": {
            "count": 49200,
            "rate": 813.318157565912
        },
        "http_req_duration{expected_response:true}": {
            "avg": 7.648409999999996,
            "min": 1.575,
            "med": 6.6935,
            "max": 59.993,
            "p(90)": 8.6238,
            "p(95)": 9.1748
        },
        "http_req_connecting": {
            "p(95)": 0,
            "avg": 0.006865,
            "min": 0,
            "med": 0,
            "max": 0.458,
            "p(90)": 0
        },
        "vus": {
            "value": 10,
            "min": 10,
            "max": 10
        },
        "http_req_blocked": {
            "avg": 0.024234999999999906,
            "min": 0.001,
            "med": 0.007,
            "max": 1.032,
            "p(90)": 0.017,
            "p(95)": 0.019
        },
        "http_req_duration": {
            "avg": 7.648409999999996,
            "min": 1.575,
            "med": 6.6935,
            "max": 59.993,
            "p(90)": 8.6238,
            "p(95)": 9.1748,
            "thresholds": {
                "p(95)<2000": false
            }
        },
        "http_reqs": {
            "count": 600,
            "rate": 9.918514116657462
        },
        "http_req_receiving": {
            "avg": 0.048260000000000025,
            "min": 0.009,
            "med": 0.041,
            "max": 0.364,
            "p(90)": 0.08910000000000001,
            "p(95)": 0.10604999999999996
        },
        "checks": {
            "passes": 600,
            "fails": 0,
            "value": 1
        },
        "iteration_duration": {
            "p(90)": 1008.9767542,
            "p(95)": 1009.44304375,
            "avg": 1008.1148953366662,
            "min": 1002.038083,
            "med": 1007.2455,
            "max": 1061.086459
        }
    }
}