{
    "root_group": {
        "name": "",
        "path": "",
        "id": "d41d8cd98f00b204e9800998ecf8427e",
        "groups": {},
        "checks": {
                "status 200": {
                    "passes": 11937,
                    "fails": 63,
                    "name": "status 200",
                    "path": "::status 200",
                    "id": "fad9fa412b86fcb03bee97c80dcd61f1"
                }
            }
    },
    "metrics": {
        "checks": {
            "passes": 11937,
            "fails": 63,
            "value": 0.99475
        },
        "data_sent": {
            "count": 984000,
            "rate": 16252.756795415535
        },
        "iterations": {
            "count": 12000,
            "rate": 198.2043511636041
        },
        "http_req_sending": {
            "avg": 0.012813083333332738,
            "min": 0.001,
            "med": 0.007,
            "max": 1.765,
            "p(90)": 0.015,
            "p(95)": 0.023
        },
        "http_req_waiting": {
            "avg": 8.288249416666698,
            "min": 0.475,
            "med": 7.214,
            "max": 97.591,
            "p(90)": 12.3704,
            "p(95)": 14.940349999999995
        },
        "http_req_connecting": {
            "min": 0,
            "med": 0,
            "max": 7.075,
            "p(90)": 0,
            "p(95)": 0,
            "avg": 0.08519125000000004
        },
        "http_reqs": {
            "count": 12000,
            "rate": 198.2043511636041
        },
        "http_req_failed": {
            "passes": 63,
            "fails": 11937,
            "thresholds": {
                "rate<0.01": false
            },
            "value": 0.00525
        },
        "vus_max": {
            "value": 200,
            "min": 200,
            "max": 200
        },
        "http_req_blocked": {
            "avg": 0.09424566666663406,
            "min": 0,
            "med": 0.003,
            "max": 7.157,
            "p(90)": 0.006,
            "p(95)": 0.009
        },
        "data_received": {
            "rate": 350557.19785295136,
            "count": 21223986
        },
        "vus": {
            "value": 200,
            "min": 200,
            "max": 200
        },
        "http_req_duration": {
            "p(95)": 14.96605,
            "avg": 8.323762833333316,
            "min": 0.497,
            "med": 7.253,
            "max": 97.615,
            "p(90)": 12.403700000000004,
            "thresholds": {
                "p(95)<2000": false
            }
        },
        "iteration_duration": {
            "p(95)": 1015.1362202,
            "avg": 1008.6278621791648,
            "min": 1000.582917,
            "med": 1007.6235624999999,
            "max": 1103.285042,
            "p(90)": 1012.7523
        },
        "http_req_receiving": {
            "avg": 0.022700333333332167,
            "min": 0,
            "med": 0.019,
            "max": 0.99,
            "p(90)": 0.039,
            "p(95)": 0.047
        },
        "http_req_duration{expected_response:true}": {
            "med": 7.296,
            "max": 97.615,
            "p(90)": 12.4364,
            "p(95)": 14.971999999999998,
            "avg": 8.342883387785857,
            "min": 0.497
        },
        "http_req_tls_handshaking": {
            "avg": 0,
            "min": 0,
            "med": 0,
            "max": 0,
            "p(90)": 0,
            "p(95)": 0
        }
    }
}