{
    "metrics": {
        "http_req_failed": {
            "fails": 4500,
            "passes": 0,
            "thresholds": {
                "rate<0.05": false
            },
            "value": 0
        },
        "iteration_duration": {
            "min": 1320.024584,
            "med": 1336.1087295,
            "max": 1362.584459,
            "p(90)": 1343.8448664,
            "p(95)": 1346.27826905,
            "avg": 1336.390478921778
        },
        "http_req_waiting": {
            "max": 42.185,
            "p(90)": 26.672,
            "p(95)": 28.634,
            "avg": 17.702308888888915,
            "min": 2.227,
            "med": 17.676499999999997
        },
        "http_reqs": {
            "count": 4500,
            "rate": 74.81204720008432
        },
        "vus": {
            "value": 50,
            "min": 50,
            "max": 50
        },
        "iterations": {
            "count": 2250,
            "rate": 37.40602360004216
        },
        "http_req_receiving": {
            "med": 0.025,
            "max": 0.906,
            "p(90)": 0.044,
            "p(95)": 0.057,
            "avg": 0.029675111111111447,
            "min": 0.008
        },
        "http_req_tls_handshaking": {
            "p(95)": 0,
            "avg": 0,
            "min": 0,
            "med": 0,
            "max": 0,
            "p(90)": 0
        },
        "checks": {
            "passes": 4500,
            "fails": 0,
            "value": 1
        },
        "http_req_duration{expected_response:true}": {
            "avg": 17.753891999999997,
            "min": 2.277,
            "med": 17.7145,
            "max": 42.219,
            "p(90)": 26.7175,
            "p(95)": 28.6682
        },
        "http_req_duration": {
            "avg": 17.753891999999997,
            "min": 2.277,
            "med": 17.7145,
            "max": 42.219,
            "p(90)": 26.7175,
            "p(95)": 28.6682,
            "thresholds": {
                "p(95)<5000": false
            }
        },
        "vus_max": {
            "value": 50,
            "min": 50,
            "max": 50
        },
        "data_received": {
            "count": 1645030,
            "rate": 27348.458223456604
        },
        "http_req_connecting": {
            "avg": 0.010325999999999998,
            "min": 0,
            "med": 0,
            "max": 1.338,
            "p(90)": 0,
            "p(95)": 0
        },
        "http_req_sending": {
            "avg": 0.021908000000000392,
            "min": 0.003,
            "med": 0.015,
            "max": 0.734,
            "p(90)": 0.032,
            "p(95)": 0.06
        },
        "http_req_blocked": {
            "avg": 0.019599333333333753,
            "min": 0.001,
            "med": 0.005,
            "max": 1.712,
            "p(90)": 0.009,
            "p(95)": 0.016
        },
        "data_sent": {
            "count": 736415,
            "rate": 12242.825275300022
        }
    },
    "root_group": {
        "checks": {
            "cart add 201": {
                "name": "cart add 201",
                "path": "::cart add 201",
                "id": "640818dc833ca0dd636af26f41ec2dd9",
                "passes": 2250,
                "fails": 0
            },
            "order placed 201": {
                "name": "order placed 201",
                "path": "::order placed 201",
                "id": "c8449f115a1ec28ab21a2d1f6d24c7e8",
                "passes": 2250,
                "fails": 0
            }
        },
        "name": "",
        "path": "",
        "id": "d41d8cd98f00b204e9800998ecf8427e",
        "groups": {}
    }
}